Date,Spinach Price,Volume
30/04/2021,1.78,122
29/04/2021,1.83,145
28/04/2021,1.7,95
27/04/2021,1.33,200
26/04/2021,1.63,147
24/04/2021,1.7,121
23/04/2021,1.7,88
22/04/2021,1.25,103
21/04/2021,1.33,82
20/04/2021,1.83,144
19/04/2021,1.7,104
18/04/2021,1.33,80
17/04/2021,1.33,167
16/04/2021,1.2,150
15/04/2021,1.33,192
14/04/2021,1.83,68
13/04/2021,1.7,147
12/4/2021,1.75,91
11/4/2021,1.63,75
10/4/2021,1.63,145
9/4/2021,1.7,140
8/4/2021,1.83,139
7/4/2021,1.7,77
6/4/2021,1.25,185
5/4/2021,1.75,117
4/4/2021,2.13,83
3/4/2021,2.13,171
2/4/2021,2.13,30
1/4/2021,1.88,126
31/03/2021,2.25,139
30/03/2021,2.25,212
29/03/2021,3.25,87
28/03/2021,1.75,31
27/03/2021,1.75,124
26/03/2021,1.75,167
25/03/2021,2.25,93
24/03/2021,2.25,98
23/03/2021,3.13,196
22/03/2021,3.75,40
21/03/2021,2.75,78
20/03/2021,2.75,150
19/03/2021,5.38,91
18/03/2021,4.63,62
17/03/2021,10.75,14
16/03/2021,5.38,25
15/03/2021,2.38,135
13/03/2021,2.7,144
12/3/2021,2.75,120
11/3/2021,2.83,131
10/3/2021,2.7,131
9/3/2021,2.7,124
8/3/2021,2.83,123
6/3/2021,2.65,108
5/3/2021,2.2,111
4/3/2021,2.38,96
3/3/2021,2.25,103
2/3/2021,2.25,141
1/3/2021,1.88,79
28/02/2021,1.83,86
27/02/2021,1.83,186
26/02/2021,1.88,99
25/02/2021,2.13,138
24/02/2021,2.13,108
23/02/2021,2.38,164
22/02/2021,2.25,88
21/02/2021,2.25,99
20/02/2021,2.25,158
19/02/2021,2.33,112
18/02/2021,2.25,135
17/02/2021,2.25,83
16/02/2021,2.25,102
15/02/2021,2.25,102
14/02/2021,2.2,103
13/02/2021,2.2,170
12/2/2021,2.2,126
11/2/2021,2.25,170
10/2/2021,2.33,94
9/2/2021,2.13,159
8/2/2021,3.13,111
7/2/2021,2.63,64
6/2/2021,2.63,99
5/2/2021,2.13,105
4/2/2021,2.25,110
3/2/2021,2.75,75
2/2/2021,2.75,137
1/2/2021,2.88,93
31/01/2021,2.75,57
30/01/2021,2.75,135
29/01/2021,2.75,121
28/01/2021,2.38,136
27/01/2021,2.25,75
26/01/2021,2.2,126
25/01/2021,1.88,71
24/01/2021,1.2,44
23/01/2021,1.2,120
22/01/2021,1.25,121
21/01/2021,1.38,150
20/01/2021,1.7,97
19/01/2021,1.83,172
18/01/2021,1.63,116
17/01/2021,1.38,32
16/01/2021,1.38,121
15/01/2021,1.63,88
14/01/2021,1.2,91
13/01/2021,1.33,73
12/1/2021,1.28,154
11/1/2021,1.33,68
10/1/2021,1.63,77
9/1/2021,1.63,146
8/1/2021,1.75,95
7/1/2021,1.63,117
6/1/2021,1.88,140
5/1/2021,2.63,73
4/1/2021,2.63,98
3/1/2021,1.63,76
2/1/2021,1.63,29
31/12/2020,1.38,124
30/12/2020,2.13,102
29/12/2020,2.38,164
28/12/2020,2.38,60
27/12/2020,2.25,61
26/12/2020,2.25,125
24/12/2020,3.13,34
23/12/2020,1.7,64
22/12/2020,1.75,151
21/12/2020,1.3,50
20/12/2020,1.25,46
19/12/2020,1.25,132
18/12/2020,1.33,62
17/12/2020,1.38,84
16/12/2020,1.2,67
15/12/2020,1.33,120
14/12/2020,1.2,60
13/12/2020,1.25,58
12/12/2020,1.25,134
11/12/2020,1.25,69
10/12/2020,1.33,99
9/12/2020,1.2,69
8/12/2020,1.38,148
7/12/2020,1.88,103
6/12/2020,1.83,55
5/12/2020,1.83,117
4/12/2020,1.7,85
3/12/2020,1.33,93
2/12/2020,1.7,47
1/12/2020,1.25,118
30/11/2020,1.33,71
29/11/2020,1.25,69
28/11/2020,1.25,122
27/11/2020,1.2,82
26/11/2020,1.33,94
25/11/2020,1.6,76
24/11/2020,1.68,125
23/11/2020,1.7,78
22/11/2020,1.35,55
21/11/2020,1.35,81
20/11/2020,1.33,65
19/11/2020,1.38,71
18/11/2020,1.25,56
17/11/2020,1.28,127
16/11/2020,1.38,72
15/11/2020,1.63,53
14/11/2020,1.63,100
13/11/2020,1.75,103
12/11/2020,2.25,119
11/11/2020,2.75,65
10/11/2020,1.83,159
9/11/2020,1.7,75
8/11/2020,1.7,51
7/11/2020,1.7,113
6/11/2020,1.83,91
5/11/2020,1.88,62
4/11/2020,1.7,66
3/11/2020,1.83,79
2/11/2020,1.7,53
1/11/2020,1.88,23
31/10/2020,1.88,84
30/10/2020,1.7,84
29/10/2020,1.75,91
28/10/2020,1.83,58
27/10/2020,1.7,79
26/10/2020,1.33,56
25/10/2020,1.7,46
24/10/2020,1.7,84
23/10/2020,1.83,87
22/10/2020,1.7,85
21/10/2020,1.2,52
20/10/2020,1.25,122
19/10/2020,1.3,79
18/10/2020,1.38,57
17/10/2020,1.38,83
16/10/2020,1.33,83
15/10/2020,1.25,67
14/10/2020,1.13,55
13/10/2020,1.2,84
12/10/2020,1.25,66
11/10/2020,0.75,29
10/10/2020,0.75,78
9/10/2020,0.8,88
8/10/2020,0.83,91
7/10/2020,0.88,69
6/10/2020,0.88,91
5/10/2020,0.68,49
4/10/2020,0.8,47
3/10/2020,0.8,89
2/10/2020,0.88,83
1/10/2020,1.13,95
30/09/2020,1.13,46
29/09/2020,1.18,62
28/09/2020,1.18,47
27/09/2020,1.13,34
26/09/2020,1.13,91
25/09/2020,1.13,63
24/09/2020,1.13,69
23/09/2020,1.25,45
22/09/2020,1.2,111
21/09/2020,1.3,42
20/09/2020,1.25,13
19/09/2020,1.25,84
18/09/2020,1.2,61
17/09/2020,1.33,83
16/09/2020,1.2,42
15/09/2020,1.2,97
14/09/2020,1.3,62
12/9/2020,1.23,72
11/9/2020,1.13,82
10/9/2020,1.13,98
9/9/2020,1.2,60
8/9/2020,1.25,63
7/9/2020,1.2,83
6/9/2020,1.38,1
5/9/2020,1.38,96
4/9/2020,1.63,78
3/9/2020,1.88,73
2/9/2020,1.73,55
31/08/2020,1.88,78
29/08/2020,1.83,57
28/08/2020,1.63,84
27/08/2020,1.75,82
26/08/2020,1.75,70
25/08/2020,1.88,74
24/08/2020,2.25,80
22/08/2020,2.38,55
21/08/2020,2.25,85
20/08/2020,2.25,83
19/08/2020,2.38,35
18/08/2020,2.63,95
17/08/2020,2.75,40
15/08/2020,2.38,70
14/08/2020,2.25,61
13/08/2020,2.25,55
12/8/2020,2.38,46
11/8/2020,2.38,58
10/8/2020,2.25,39
9/8/2020,2.38,41
8/8/2020,2.38,59
7/8/2020,2.63,43
6/8/2020,2.38,32
5/8/2020,1.88,23
4/8/2020,1.83,66
3/8/2020,1.63,56
2/8/2020,1.63,60
1/8/2020,1.63,61
31/07/2020,1.75,38
30/07/2020,1.75,57
29/07/2020,1.63,39
28/07/2020,1.83,63
27/07/2020,1.83,31
26/07/2020,1.75,35
25/07/2020,1.75,59
24/07/2020,1.63,63
23/07/2020,1.63,52
22/07/2020,1.75,40
21/07/2020,1.88,76
20/07/2020,1.88,57
19/07/2020,2.28,58
18/07/2020,2.28,89
17/07/2020,2.28,62
16/07/2020,2.13,53
15/07/2020,2.25,28
14/07/2020,2.38,110
13/07/2020,2.63,41
12/7/2020,2.75,60
11/7/2020,2.75,76
10/7/2020,2.75,58
9/7/2020,2.7,52
8/7/2020,2.63,58
7/7/2020,2.38,92
6/7/2020,2.25,48
5/7/2020,1.83,14
4/7/2020,1.83,40
3/7/2020,2.18,71
2/7/2020,2.38,75
1/7/2020,2.25,61
30/06/2020,2.25,91
29/06/2020,2.3,59
27/06/2020,1.7,43
26/06/2020,1.83,89
25/06/2020,2.18,45
24/06/2020,2.38,59
23/06/2020,2.63,68
22/06/2020,2.88,52
21/06/2020,3.25,2
20/06/2020,3.25,47
19/06/2020,2.75,70
18/06/2020,2.33,48
17/06/2020,2.7,80
16/06/2020,2.7,109
15/06/2020,2.63,45
13/06/2020,2.75,60
12/6/2020,2.63,113
11/6/2020,2.25,68
10/6/2020,1.88,67
9/6/2020,1.83,75
8/6/2020,2.13,90
6/6/2020,1.33,35
5/6/2020,1.53,68
4/6/2020,1.38,84
3/6/2020,1.33,70
2/6/2020,1.7,83
1/6/2020,1.73,78
30/05/2020,1.73,53
29/05/2020,1.73,109
28/05/2020,1.73,89
27/05/2020,1.73,125
26/05/2020,1.75,129
25/05/2020,1.88,139
24/05/2020,1.75,1
23/05/2020,1.75,105
22/05/2020,1.5,97
21/05/2020,1.63,147
20/05/2020,1.75,92
19/05/2020,1.75,104
18/05/2020,2.38,104
17/05/2020,2.38,2
16/05/2020,2.38,60
15/05/2020,2.63,122
14/05/2020,2.75,131
13/05/2020,2.75,80
12/5/2020,2.25,93
11/5/2020,2.5,97
9/5/2020,2.5,63
8/5/2020,2.38,149
7/5/2020,2.38,112
6/5/2020,2.75,75
5/5/2020,2.88,136
4/5/2020,2.5,98
2/5/2020,2.75,87
1/5/2020,3.25,59
30/04/2020,2.63,129
29/04/2020,3.13,102
28/04/2020,2.88,89
27/04/2020,2.38,42
25/04/2020,2.5,64
24/04/2020,2.63,78
23/04/2020,2.75,79
22/04/2020,3.38,61
21/04/2020,3.25,93
20/04/2020,2.38,50
19/04/2020,2.5,1
18/04/2020,2.5,75
17/04/2020,2.63,100
16/04/2020,2.88,64
15/04/2020,2.63,92
14/04/2020,2.75,143
13/04/2020,3,84
11/4/2020,3.25,165
8/4/2020,3.5,133
7/4/2020,2.25,84
6/4/2020,2.25,24
4/4/2020,2.38,187
3/4/2020,2.38,89
2/4/2020,2.5,78
1/4/2020,2.75,60
31/03/2020,3.13,109
30/03/2020,3.63,29
29/03/2020,3.75,75
28/03/2020,3.75,160
27/03/2020,4.25,67
26/03/2020,4.38,101
25/03/2020,3.38,51
24/03/2020,3.5,85
23/03/2020,3.75,39
22/03/2020,3.75,74
21/03/2020,4.25,52
20/03/2020,4.5,47
19/03/2020,5.5,41
18/03/2020,5.75,64
17/03/2020,6.75,70
16/03/2020,6.5,26
15/03/2020,6,78
14/03/2020,5.5,86
13/03/2020,5.25,76
12/3/2020,5.25,24
11/3/2020,6.25,75
10/3/2020,7.25,59
9/3/2020,5.5,43
8/3/2020,6,74
7/3/2020,6.5,43
6/3/2020,6.25,79
5/3/2020,5.5,29
4/3/2020,6.63,62
3/3/2020,4.5,102
2/3/2020,3.33,29
1/3/2020,3.25,65
29/02/2020,3.25,72
28/02/2020,3.3,59
27/02/2020,2.83,35
26/02/2020,2.88,60
25/02/2020,3.25,92
24/02/2020,3.75,33
23/02/2020,3.5,83
22/02/2020,3.25,126
21/02/2020,2.88,90
20/02/2020,2.75,82
19/02/2020,2.25,78
18/02/2020,2.38,86
17/02/2020,2.63,40
16/02/2020,2.44,78
15/02/2020,2.25,73
14/02/2020,2.25,101
13/02/2020,2.13,107
12/2/2020,2.25,71
11/2/2020,2.38,78
10/2/2020,2.13,44
9/2/2020,2.19,82
8/2/2020,2.25,79
7/2/2020,2.38,125
6/2/2020,2.25,44
5/2/2020,2.38,61
4/2/2020,2.63,64
3/2/2020,2.75,36
2/2/2020,2.75,101
1/2/2020,2.75,80
31/01/2020,2.63,88
30/01/2020,2.75,45
29/01/2020,2.75,48
28/01/2020,2.38,78
27/01/2020,2.75,55
26/01/2020,2.75,93
25/01/2020,2.75,108
24/01/2020,2.88,78
23/01/2020,3.13,68
22/01/2020,3.38,64
21/01/2020,4.38,88
20/01/2020,3.83,33
19/01/2020,3.75,57
18/01/2020,4.5,105
17/01/2020,5.25,47
16/01/2020,3.38,57
15/01/2020,2.63,75
14/01/2020,2.75,68
13/01/2020,2.75,45
12/1/2020,2.31,72
11/1/2020,1.88,88
10/1/2020,2.13,68
9/1/2020,2.25,73
8/1/2020,2.25,62
7/1/2020,2.75,90
6/1/2020,2.75,31
5/1/2020,2,91
4/1/2020,1.25,122
3/1/2020,1.38,75
2/1/2020,1.2,53
31/12/2019,1.25,88
30/12/2019,1.38,75
29/12/2019,1.38,88
28/12/2019,1.38,101
27/12/2019,1.25,89
26/12/2019,1.63,39
24/12/2019,1.75,85
23/12/2019,1.25,51
22/12/2019,1.29,68
21/12/2019,1.33,111
20/12/2019,1.38,64
19/12/2019,1.25,67
18/12/2019,1.25,57
17/12/2019,1.63,110
16/12/2019,1.25,25
15/12/2019,1.44,68
14/12/2019,1.63,76
13/12/2019,1.75,40
12/12/2019,1.63,66
11/12/2019,1.25,42
10/12/2019,2.38,66
9/12/2019,2.25,16
8/12/2019,1.75,81
7/12/2019,1.25,72
6/12/2019,1.25,66
5/12/2019,1.63,70
4/12/2019,1.63,69
3/12/2019,2.13,71
2/12/2019,2.25,25
1/12/2019,2.25,69
30/11/2019,2.25,69
29/11/2019,2.75,67
28/11/2019,2.25,13
27/11/2019,1.75,63
26/11/2019,1.75,56
25/11/2019,2.25,34
24/11/2019,1.69,67
23/11/2019,1.13,63
22/11/2019,1.2,43
21/11/2019,1.25,59
20/11/2019,1.25,57
19/11/2019,1.75,78
18/11/2019,1.33,21
17/11/2019,1.26,69
16/11/2019,1.2,76
15/11/2019,1,70
14/11/2019,1.03,65
13/11/2019,1.25,63
12/11/2019,1.18,69
11/11/2019,0.88,26
10/11/2019,1.04,64
9/11/2019,1.2,64
8/11/2019,1.13,64
7/11/2019,1.25,35
6/11/2019,1.25,50
5/11/2019,1.7,65
4/11/2019,1.75,16
3/11/2019,1.48,55
2/11/2019,1.2,15
1/11/2019,1.38,40
31/10/2019,1.25,60
30/10/2019,1.25,35
29/10/2019,1.63,71
28/10/2019,1.7,28
27/10/2019,1.83,53
26/10/2019,1.75,56
25/10/2019,1.75,44
24/10/2019,1.63,56
23/10/2019,1.75,48
22/10/2019,1.75,72
21/10/2019,2.25,28
20/10/2019,1.71,46
19/10/2019,1.18,51
18/10/2019,1.3,38
17/10/2019,1.38,60
16/10/2019,1.25,44
15/10/2019,1.25,48
14/10/2019,1.33,13
13/10/2019,1.26,47
12/10/2019,1.2,61
11/10/2019,1.13,47
10/10/2019,1.13,57
9/10/2019,1.2,58
8/10/2019,1.33,66
7/10/2019,1.13,34
6/10/2019,1.25,60
5/10/2019,1.38,61
4/10/2019,1.38,64
3/10/2019,1.33,65
2/10/2019,1.13,42
1/10/2019,1.25,50
30/09/2019,1.25,20
29/09/2019,1.19,42
28/09/2019,1.13,50
27/09/2019,1.18,57
26/09/2019,1.2,43
25/09/2019,1.33,57
24/09/2019,1.33,24
23/09/2019,1.2,19
22/09/2019,1.26,52
21/09/2019,1.33,62
20/09/2019,1.13,58
19/09/2019,1.25,55
18/09/2019,1.13,51
17/09/2019,1.25,83
16/09/2019,1.25,16
15/09/2019,1.35,61
14/09/2019,1.25,57
13/09/2019,1.2,45
12/9/2019,1.2,54
11/9/2019,1.25,59
10/9/2019,1.25,63
9/9/2019,1.75,27
8/9/2019,2.06,64
7/9/2019,2.38,57
6/9/2019,2.25,67
5/9/2019,2.25,41
4/9/2019,2.63,54
3/9/2019,2.63,71
2/9/2019,2.18,18
1/9/2019,2,69
31/08/2019,1.83,24
30/08/2019,1.63,81
29/08/2019,1.75,66
28/08/2019,1.75,63
27/08/2019,1.83,67
26/08/2019,1.7,23
25/08/2019,1.76,71
24/08/2019,1.83,49
23/08/2019,1.83,68
22/08/2019,2.18,43
21/08/2019,2.38,65
20/08/2019,2.63,31
19/08/2019,2.3,17
18/08/2019,2.28,69
17/08/2019,2.25,60
16/08/2019,2.13,65
15/08/2019,1.18,33
14/08/2019,1.28,51
13/08/2019,1.18,56
12/8/2019,1.13,13
11/8/2019,1.19,77
10/8/2019,1.25,76
9/8/2019,1.13,55
8/8/2019,1.28,38
7/8/2019,1.2,67
6/8/2019,1.2,61
5/8/2019,1.25,17
4/8/2019,1.19,85
3/8/2019,1.13,71
2/8/2019,1.13,70
1/8/2019,1.25,63
31/07/2019,1.25,52
30/07/2019,1.38,67
29/07/2019,1.63,27
28/07/2019,1.75,47
27/07/2019,1.88,56
26/07/2019,1.75,50
25/07/2019,1.33,71
24/07/2019,1.38,65
23/07/2019,1.7,89
22/07/2019,1.63,17
21/07/2019,1.63,94
20/07/2019,1.63,45
19/07/2019,1.75,44
18/07/2019,1.75,67
17/07/2019,1.63,51
16/07/2019,1.75,75
15/07/2019,1.75,27
14/07/2019,1.79,83
13/07/2019,1.83,61
12/7/2019,1.7,63
11/7/2019,1.75,48
10/7/2019,1.75,58
9/7/2019,1.38,101
8/7/2019,1.25,20
7/7/2019,1.81,63
6/7/2019,2.38,33
5/7/2019,2.25,98
4/7/2019,2.25,70
3/7/2019,2.38,87
2/7/2019,2.25,78
1/7/2019,2.75,26
30/06/2019,3,73
29/06/2019,3.25,61
28/06/2019,3.13,79
27/06/2019,3.25,47
26/06/2019,2.38,71
25/06/2019,2.88,65
24/06/2019,2.63,25
23/06/2019,2.88,97
22/06/2019,3.13,71
21/06/2019,3.13,94
20/06/2019,3.25,85
19/06/2019,3.25,80
18/06/2019,2.75,69
17/06/2019,3.13,20
16/06/2019,3.19,97
15/06/2019,3.25,87
14/06/2019,3.63,78
13/06/2019,3.25,50
12/6/2019,3.75,65
11/6/2019,3.25,67
10/6/2019,2.75,30
9/6/2019,2.48,75
8/6/2019,2.25,80
7/6/2019,2.38,71
6/6/2019,2.63,74
5/6/2019,2.75,72
4/6/2019,2.75,76
3/6/2019,3.25,41
2/6/2019,2.56,98
1/6/2019,1.88,103
31/05/2019,2.25,51
30/05/2019,2.25,101
29/05/2019,2.75,50
28/05/2019,2.13,72
27/05/2019,2.13,43
26/05/2019,2.19,111
25/05/2019,2.25,85
24/05/2019,2.38,95
23/05/2019,2.25,53
22/05/2019,2.25,53
21/05/2019,2.13,93
20/05/2019,2.13,57
19/05/2019,2.25,88
18/05/2019,2.38,102
17/05/2019,2.13,118
16/05/2019,2.75,81
15/05/2019,4.38,99
14/05/2019,5.5,38
13/05/2019,3.38,33
12/5/2019,2.63,51
11/5/2019,1.88,36
10/5/2019,1.75,93
9/5/2019,2.75,90
8/5/2019,3,92
7/5/2019,3.63,78
6/5/2019,3.75,20
5/5/2019,3.75,91
4/5/2019,3.75,84
3/5/2019,4.38,61
2/5/2019,5.25,18
1/5/2019,3.5,93
30/04/2019,4.63,60
29/04/2019,4.38,30
28/04/2019,3.88,111
27/04/2019,3.38,87
26/04/2019,2.63,93
25/04/2019,3.5,71
24/04/2019,5.5,96
23/04/2019,5.63,85
22/04/2019,6.25,33
21/04/2019,3.25,39
20/04/2019,3.25,63
19/04/2019,3.7,29
18/04/2019,3.7,95
17/04/2019,3.75,88
16/04/2019,3.25,66
15/04/2019,3.75,58
14/04/2019,3.83,96
13/04/2019,3.75,97
12/4/2019,3.75,108
11/4/2019,3.13,81
10/4/2019,2.75,98
9/4/2019,2.75,97
8/4/2019,3.25,36
7/4/2019,2.25,125
6/4/2019,2.25,104
5/4/2019,2.38,132
4/4/2019,2.25,87
3/4/2019,2.25,83
2/4/2019,1.88,101
1/4/2019,1.75,39
31/03/2019,1.81,137
30/03/2019,1.88,133
29/03/2019,2.13,137
28/03/2019,2.25,73
27/03/2019,2.75,128
26/03/2019,1.88,115
25/03/2019,1.25,32
24/03/2019,1.69,146
23/03/2019,2.13,141
22/03/2019,2.25,136
21/03/2019,2.13,82
20/03/2019,2.25,124
19/03/2019,2.63,71
18/03/2019,2.75,47
17/03/2019,2.75,152
16/03/2019,2.75,87
15/03/2019,2.25,108
14/03/2019,2.38,82
13/03/2019,2.25,103
12/3/2019,2.38,79
11/3/2019,2.25,34
10/3/2019,2.44,111
9/3/2019,2.63,115
8/3/2019,2.88,139
7/3/2019,2.63,71
6/3/2019,2.63,114
5/3/2019,2.75,104
4/3/2019,2.38,47
3/3/2019,2.31,118
2/3/2019,2.25,128
1/3/2019,2.25,130
28/02/2019,2.25,69
27/02/2019,1.75,172
26/02/2019,5.25,67
25/02/2019,1.75,139
24/02/2019,1.81,6
23/02/2019,1.88,105
22/02/2019,1.75,130
21/02/2019,1.75,91
20/02/2019,1.9,120
19/02/2019,2.13,116
18/02/2019,2.25,31
17/02/2019,1.69,130
16/02/2019,1.13,158
15/02/2019,1.25,108
14/02/2019,1.75,96
13/02/2019,1.88,96
12/2/2019,1.75,119
11/2/2019,1.38,41
10/2/2019,1.5,151
9/2/2019,1.63,134
8/2/2019,1.75,143
7/2/2019,1.75,91
6/2/2019,1.88,126
5/2/2019,2.3,92
4/2/2019,1.88,55
3/2/2019,2.06,119
2/2/2019,2.25,120
1/2/2019,2.63,109
31/01/2019,2.88,82
30/01/2019,2.75,117
29/01/2019,3.13,83
28/01/2019,3.38,44
27/01/2019,3.25,149
26/01/2019,3.75,16
25/01/2019,2.75,110
24/01/2019,2.8,54
23/01/2019,3.13,78
22/01/2019,3.13,109
21/01/2019,3.25,40
20/01/2019,2.94,120
19/01/2019,2.63,89
18/01/2019,3,106
17/01/2019,2.38,68
16/01/2019,2.63,82
15/01/2019,3.75,100
14/01/2019,4.75,28
13/01/2019,4.63,103
12/1/2019,4.5,82
11/1/2019,4.63,106
10/1/2019,4.38,59
9/1/2019,4.75,90
8/1/2019,5.25,76
7/1/2019,4.38,30
6/1/2019,4.06,93
5/1/2019,3.75,68
4/1/2019,5.25,71
3/1/2019,4.5,55
2/1/2019,5.75,20
31/12/2018,4.75,25
30/12/2018,4.5,94
29/12/2018,4.25,87
28/12/2018,4.5,98
27/12/2018,4.5,73
26/12/2018,6.5,37
24/12/2018,3.38,31
23/12/2018,3.38,78
22/12/2018,3.38,77
21/12/2018,3.5,74
20/12/2018,4.5,102
19/12/2018,5.38,32
18/12/2018,3.88,75
17/12/2018,4.25,22
16/12/2018,4.5,80
15/12/2018,4.75,62
14/12/2018,5.25,21
13/12/2018,6.25,9
12/12/2018,2.88,60
11/12/2018,3.25,93
10/12/2018,3.75,26
9/12/2018,3.5,57
8/12/2018,3.25,59
7/12/2018,3.75,58
6/12/2018,3.75,45
5/12/2018,2.63,49
4/12/2018,2.75,43
3/12/2018,2.25,40
2/12/2018,2.19,83
1/12/2018,2.13,68
30/11/2018,2.13,67
29/11/2018,1.7,83
28/11/2018,1.83,72
27/11/2018,2.25,71
26/11/2018,2.25,35
25/11/2018,2.06,71
24/11/2018,1.88,80
23/11/2018,1.88,81
22/11/2018,2.13,80
21/11/2018,2.13,63
20/11/2018,2.13,83
19/11/2018,1.75,42
18/11/2018,1.69,74
17/11/2018,1.63,95
16/11/2018,1.88,74
15/11/2018,2.13,47
14/11/2018,1.7,66
13/11/2018,1.25,82
12/11/2018,1.38,26
11/11/2018,1.54,101
10/11/2018,1.7,116
9/11/2018,1.63,77
8/11/2018,1.75,92
7/11/2018,2.13,81
6/11/2018,2.25,137
5/11/2018,2.25,46
4/11/2018,1.98,90
3/11/2018,1.7,110
2/11/2018,1.63,74
1/11/2018,1.75,85
31/10/2018,1.88,80
30/10/2018,1.75,98
29/10/2018,1.75,37
28/10/2018,1.81,95
27/10/2018,1.88,165
26/10/2018,1.75,96
25/10/2018,1.7,137
24/10/2018,1.7,76
23/10/2018,1.25,134
22/10/2018,2.13,26
21/10/2018,1.66,81
20/10/2018,1.2,124
19/10/2018,1.2,77
18/10/2018,1.13,152
17/10/2018,1.13,74
16/10/2018,1.25,162
15/10/2018,1.25,31
14/10/2018,1.06,85
13/10/2018,0.88,160
12/10/2018,0.83,93
11/10/2018,0.98,128
10/10/2018,1.13,79
9/10/2018,1.13,172
8/10/2018,1.38,42
7/10/2018,1.25,75
6/10/2018,1.13,154
5/10/2018,1.25,82
4/10/2018,1.38,140
3/10/2018,1.75,63
2/10/2018,1.25,127
1/10/2018,1.13,25
30/09/2018,1.15,90
29/09/2018,1.18,126
28/09/2018,1.18,81
27/09/2018,1.25,158
26/09/2018,1.25,67
25/09/2018,1.38,143
24/09/2018,1.63,31
23/09/2018,1.75,67
22/09/2018,1.63,132
21/09/2018,1.7,75
20/09/2018,1.75,118
19/09/2018,1.38,88
18/09/2018,1.38,127
17/09/2018,1.58,22
16/09/2018,1.5,72
15/09/2018,1.7,124
14/09/2018,1.7,50
13/09/2018,1.75,115
12/9/2018,1.33,52
11/9/2018,1.25,128
10/9/2018,1.25,20
9/9/2018,1.25,67
8/9/2018,1.18,107
7/9/2018,1.83,82
6/9/2018,1.75,104
5/9/2018,1.25,59
4/9/2018,1.83,118
3/9/2018,1.63,16
2/9/2018,1.75,68
1/9/2018,1.3,118
31/08/2018,1.25,89
30/08/2018,1.83,128
29/08/2018,1.75,65
28/08/2018,1.63,101
27/08/2018,1.75,24
26/08/2018,1.7,90
25/08/2018,1.63,111
24/08/2018,1.63,72
23/08/2018,1.75,103
22/08/2018,1.63,62
21/08/2018,1.75,122
20/08/2018,1.75,43
19/08/2018,1.75,135
18/08/2018,1.75,10
17/08/2018,1.88,61
16/08/2018,1.75,87
15/08/2018,1.75,69
14/08/2018,1.25,111
13/08/2018,1.25,20
12/8/2018,1.44,71
11/8/2018,1.63,113
10/8/2018,1.63,87
9/8/2018,1.75,114
8/8/2018,1.38,76
7/8/2018,1.38,100
6/8/2018,1.25,36
5/8/2018,1.5,110
4/8/2018,1.75,104
3/8/2018,1.25,87
2/8/2018,1.38,110
1/8/2018,1.63,59
31/07/2018,1.88,149
30/07/2018,1.75,49
29/07/2018,1.75,63
28/07/2018,1.75,100
27/07/2018,1.88,77
26/07/2018,1.88,103
25/07/2018,1.75,82
24/07/2018,1.75,164
23/07/2018,2.25,28
22/07/2018,1.94,70
21/07/2018,1.63,116
20/07/2018,1.75,80
19/07/2018,1.75,111
18/07/2018,1.75,63
17/07/2018,1.88,122
16/07/2018,1.75,37
15/07/2018,2,88
14/07/2018,2.25,158
13/07/2018,2.13,85
12/7/2018,2.13,85
11/7/2018,2.13,86
10/7/2018,2.13,153
9/7/2018,2.13,36
8/7/2018,2.19,93
7/7/2018,2.25,111
6/7/2018,2.25,103
5/7/2018,2.25,96
4/7/2018,2.25,77
3/7/2018,2.75,97
2/7/2018,2.25,34
1/7/2018,2,121
30/06/2018,1.75,101
29/06/2018,2.25,92
28/06/2018,2.13,82
27/06/2018,2.13,82
26/06/2018,2.25,118
25/06/2018,2.13,40
24/06/2018,2.13,99
23/06/2018,2.13,103
22/06/2018,2.25,93
21/06/2018,1.88,105
20/06/2018,1.75,78
19/06/2018,1.88,127
18/06/2018,1.88,32
17/06/2018,1.81,78
16/06/2018,1.75,156
15/06/2018,1.63,87
14/06/2018,1.75,81
13/06/2018,2.25,71
12/6/2018,1.75,147
11/6/2018,1.75,60
10/6/2018,1.75,104
9/6/2018,1.75,124
8/6/2018,1.88,95
7/6/2018,2.13,116
6/6/2018,2.25,106
5/6/2018,2.25,112
4/6/2018,2.13,21
3/6/2018,2.25,126
2/6/2018,2.38,104
1/6/2018,2.25,91
31/05/2018,1.75,91
30/05/2018,1.88,63
29/05/2018,1.88,107
28/05/2018,1.75,41
27/05/2018,2.25,109
26/05/2018,2.75,120
25/05/2018,2.75,97
24/05/2018,2.25,90
23/05/2018,1.75,93
22/05/2018,1.83,102
21/05/2018,1.63,51
20/05/2018,1.69,132
19/05/2018,1.75,137
18/05/2018,1.75,101
17/05/2018,1.38,131
16/05/2018,1.63,99
15/05/2018,1.7,120
14/05/2018,1.83,28
13/05/2018,1.85,54
12/5/2018,1.88,168
11/5/2018,2.25,106
10/5/2018,1.88,111
9/5/2018,1.88,96
8/5/2018,1.88,143
7/5/2018,1.75,49
6/5/2018,1.56,106
5/5/2018,1.38,145
4/5/2018,1.75,95
3/5/2018,1.88,96
2/5/2018,1.88,83
1/5/2018,1.88,91
30/04/2018,1.75,65
29/04/2018,1.54,99
28/04/2018,1.33,128
27/04/2018,1.63,103
26/04/2018,1.75,123
25/04/2018,1.63,75
24/04/2018,1.88,127
23/04/2018,1.75,55
22/04/2018,1.44,118
21/04/2018,1.13,129
20/04/2018,1.13,108
19/04/2018,1.25,121
18/04/2018,1.63,91
17/04/2018,1.75,184
16/04/2018,2.75,50
15/04/2018,2.31,134
14/04/2018,1.88,124
13/04/2018,1.75,114
12/4/2018,2.25,107
11/4/2018,1.63,89
10/4/2018,1.75,121
9/4/2018,1.88,49
8/4/2018,1.88,83
7/4/2018,1.88,148
6/4/2018,1.75,132
5/4/2018,1.75,141
4/4/2018,2.18,82
3/4/2018,2.25,105
2/4/2018,2.25,35
1/4/2018,2.06,93
31/03/2018,1.88,84
30/03/2018,2.25,114
29/03/2018,2.13,120
28/03/2018,1.88,145
27/03/2018,1.88,138
26/03/2018,1.75,51
25/03/2018,1.81,149
24/03/2018,1.88,124
23/03/2018,1.75,144
22/03/2018,1.75,134
21/03/2018,1.88,136
20/03/2018,1.75,155
19/03/2018,1.75,56
18/03/2018,1.73,186
17/03/2018,1.7,148
16/03/2018,1.8,131
15/03/2018,1.75,96
14/03/2018,1.75,148
13/03/2018,1.75,115
12/3/2018,1.88,60
11/3/2018,1.88,135
10/3/2018,1.88,138
9/3/2018,1.63,115
8/3/2018,1.75,141
7/3/2018,1.75,120
6/3/2018,1.7,135
5/3/2018,1.25,54
4/3/2018,1.21,155
3/3/2018,1.18,130
2/3/2018,1.25,154
1/3/2018,1.18,108
28/02/2018,1.33,131
27/02/2018,1.2,142
26/02/2018,1.13,41
25/02/2018,1.18,151
24/02/2018,1.23,126
23/02/2018,1.18,188
22/02/2018,1.18,123
21/02/2018,1.25,127
20/02/2018,1.38,82
19/02/2018,1.25,50
18/02/2018,1.23,143
17/02/2018,1.2,118
16/02/2018,1.33,136
15/02/2018,1.7,88
14/02/2018,1.7,143
13/02/2018,1.75,122
12/2/2018,1.75,34
11/2/2018,1.69,138
10/2/2018,1.63,110
9/2/2018,1.75,136
8/2/2018,1.25,80
7/2/2018,1.75,105
6/2/2018,2.25,116
5/2/2018,2.75,57
4/2/2018,3.06,146
3/2/2018,3.38,96
2/2/2018,3.25,27
1/2/2018,2.75,60
31/01/2018,2.75,77
30/01/2018,1.75,141
29/01/2018,1.75,66
28/01/2018,1.7,143
27/01/2018,1.75,2
26/01/2018,1.7,112
25/01/2018,1.75,106
24/01/2018,1.75,101
23/01/2018,1.75,101
22/01/2018,1.75,42
21/01/2018,1.81,105
20/01/2018,1.88,100
19/01/2018,2.13,99
18/01/2018,2.25,115
17/01/2018,2.13,99
16/01/2018,3.75,128
15/01/2018,2.25,47
14/01/2018,2,126
13/01/2018,1.75,112
12/1/2018,1.75,80
11/1/2018,2.75,118
10/1/2018,2.75,48
9/1/2018,2.25,67
8/1/2018,2.3,35
7/1/2018,2.25,116
6/1/2018,2.13,154
5/1/2018,2.25,102
4/1/2018,2.25,118
3/1/2018,2.18,71
2/1/2018,2.25,46
31/12/2017,2.16,55
30/12/2017,2.13,117
29/12/2017,2.25,106
28/12/2017,2.25,77
27/12/2017,1.75,82
26/12/2017,1.75,80
24/12/2017,2.13,58
23/12/2017,2.25,180
22/12/2017,2.13,90
21/12/2017,2.25,93
20/12/2017,2.75,65
19/12/2017,2.75,83
18/12/2017,2.38,29
17/12/2017,2.31,80
16/12/2017,2.25,82
15/12/2017,2.75,99
14/12/2017,2.75,74
13/12/2017,2.25,47
12/12/2017,2.2,78
11/12/2017,2.25,38
10/12/2017,2.5,90
9/12/2017,2.75,122
8/12/2017,3.25,86
7/12/2017,3.25,37
6/12/2017,2.25,51
5/12/2017,2.75,90
4/12/2017,2.88,46
3/12/2017,2.81,80
2/12/2017,2.75,106
1/12/2017,2.75,105
30/11/2017,3.25,66
29/11/2017,2.25,41
28/11/2017,2.25,91
27/11/2017,2.75,56
26/11/2017,2.31,60
25/11/2017,1.88,33
24/11/2017,2.2,81
23/11/2017,1.83,81
22/11/2017,2.25,36
21/11/2017,2.38,70
20/11/2017,2.25,42
19/11/2017,2.23,81
18/11/2017,2.2,63
17/11/2017,2.13,74
16/11/2017,2.13,62
15/11/2017,2.18,48
14/11/2017,1.7,133
13/11/2017,1.75,20
12/11/2017,1.73,53
11/11/2017,1.7,77
10/11/2017,1.75,55
9/11/2017,1.83,88
8/11/2017,1.83,61
7/11/2017,1.75,97
6/11/2017,1.7,43
5/11/2017,1.7,81
4/11/2017,1.7,92
3/11/2017,1.7,98
2/11/2017,2.25,55
1/11/2017,1.75,28
31/10/2017,1.83,67
30/10/2017,1.83,45
29/10/2017,1.54,68
28/10/2017,1.25,100
27/10/2017,1.38,103
26/10/2017,1.63,81
25/10/2017,1.63,61
24/10/2017,1.65,110
23/10/2017,1.63,38
21/10/2017,1.63,86
20/10/2017,1.7,83
19/10/2017,1.75,71
18/10/2017,1.75,63
17/10/2017,1.83,73
16/10/2017,1.7,34
15/10/2017,1.76,112
14/10/2017,1.83,18
13/10/2017,1.88,72
12/10/2017,1.83,62
11/10/2017,1.25,30
10/10/2017,1.6,67
9/10/2017,1.6,36
8/10/2017,1.63,60
7/10/2017,1.65,63
6/10/2017,1.65,64
5/10/2017,1.4,49
4/10/2017,1.4,53
3/10/2017,1.4,84
2/10/2017,1.83,10
1/10/2017,1.7,72
30/09/2017,1.25,62
29/09/2017,1.25,85
28/09/2017,1.23,40
27/09/2017,1.25,45
26/09/2017,1.38,68
25/09/2017,1.38,24
24/09/2017,1.18,68
23/09/2017,1.3,48
22/09/2017,1.25,69
21/09/2017,1.18,62
20/09/2017,1.38,69
19/09/2017,0.9,73
18/09/2017,1.43,21
17/09/2017,1.4,45
16/09/2017,1.2,49
15/09/2017,1.13,65
14/09/2017,1.13,39
13/09/2017,1.38,52
12/9/2017,1.3,67
11/9/2017,1.25,29
10/9/2017,1.3,48
9/9/2017,1.25,54
8/9/2017,1.33,61
7/9/2017,1.38,57
6/9/2017,1.7,54
5/9/2017,1.75,44
4/9/2017,1.7,27
3/9/2017,1.7,58
2/9/2017,1.7,51
1/9/2017,1.75,46
31/08/2017,2.25,46
30/08/2017,2.18,42
29/08/2017,2.13,68
28/08/2017,2.25,20
27/08/2017,1.75,50
26/08/2017,1.25,52
25/08/2017,1.38,69
24/08/2017,1.63,38
23/08/2017,1.7,55
22/08/2017,1.88,68
21/08/2017,1.75,21
20/08/2017,1.73,58
19/08/2017,1.7,54
18/08/2017,1.63,56
17/08/2017,1.83,26
16/08/2017,1.75,43
15/08/2017,1.83,73
14/08/2017,1.75,28
13/08/2017,1.5,46
12/8/2017,1.25,45
11/8/2017,1.33,71
10/8/2017,1.33,54
9/8/2017,1.25,52
8/8/2017,1.33,84
7/8/2017,1.38,32
6/8/2017,1.35,57
5/8/2017,1.33,51
4/8/2017,1.7,81
3/8/2017,1.83,56
2/8/2017,1.83,15
1/8/2017,1.7,62
31/07/2017,1.75,33
30/07/2017,1.75,41
29/07/2017,1.75,13
28/07/2017,1.63,32
27/07/2017,1.7,35
26/07/2017,1.75,60
25/07/2017,1.75,76
24/07/2017,1.83,24
23/07/2017,2.04,57
22/07/2017,2.25,46
21/07/2017,1.75,83
20/07/2017,2.25,56
19/07/2017,2.25,51
18/07/2017,2.25,57
17/07/2017,1.75,44
16/07/2017,1.79,70
15/07/2017,1.83,45
14/07/2017,2.25,72
13/07/2017,1.75,52
12/7/2017,1.83,45
11/7/2017,2.13,61
10/7/2017,1.63,34
9/7/2017,1.75,69
8/7/2017,1.63,87
7/7/2017,1.75,61
6/7/2017,1.83,70
5/7/2017,2.25,41
4/7/2017,2.75,56
3/7/2017,2.75,57
2/7/2017,2.25,46
1/7/2017,1.75,85
30/06/2017,1.83,77
29/06/2017,1.83,55
28/06/2017,1.75,54
27/06/2017,1.83,72
26/06/2017,1.83,17
25/06/2017,1.76,62
24/06/2017,1.7,76
23/06/2017,1.75,80
22/06/2017,1.83,75
21/06/2017,1.7,52
20/06/2017,1.83,77
19/06/2017,2.18,34
18/06/2017,2.15,36
17/06/2017,2.13,58
16/06/2017,2.18,98
15/06/2017,2.18,71
14/06/2017,2.13,50
13/06/2017,2.18,89
12/6/2017,2.13,56
11/6/2017,2.23,54
10/6/2017,2.33,115
9/6/2017,2.75,64
8/6/2017,2.7,62
7/6/2017,2.83,54
6/6/2017,2.75,89
5/6/2017,2.25,50
4/6/2017,2.48,66
3/6/2017,2.7,86
2/6/2017,2.75,97
1/6/2017,2.75,79
31/05/2017,2.25,53
30/05/2017,2.33,81
29/05/2017,2.63,39
28/05/2017,2.63,98
27/05/2017,2.63,102
26/05/2017,2.75,100
25/05/2017,3.1,48
24/05/2017,3.05,62
23/05/2017,3.25,81
22/05/2017,5,22
21/05/2017,2.7,65
20/05/2017,2.75,87
19/05/2017,3.25,69
18/05/2017,3.25,58
17/05/2017,2.75,57
16/05/2017,3.25,92
15/05/2017,3.75,40
14/05/2017,3.31,38
13/05/2017,2.88,117
12/5/2017,2.75,86
11/5/2017,2.75,86
10/5/2017,3.25,64
9/5/2017,2.75,100
8/5/2017,2.75,40
7/5/2017,2.98,91
6/5/2017,3.2,84
5/5/2017,3.13,75
4/5/2017,2.75,48
3/5/2017,2.7,41
2/5/2017,2.75,106
1/5/2017,3.13,23
30/04/2017,3.19,98
29/04/2017,3.25,108
28/04/2017,3.25,71
27/04/2017,2.75,60
26/04/2017,2.75,95
25/04/2017,2.25,68
24/04/2017,2.25,32
23/04/2017,2.04,88
22/04/2017,1.83,110
21/04/2017,2.25,85
20/04/2017,2.63,71
19/04/2017,2.7,67
18/04/2017,2.7,89
17/04/2017,3.25,22
16/04/2017,2.75,68
15/04/2017,2.25,70
14/04/2017,2.88,49
13/04/2017,2.75,92
12/4/2017,2.75,76
11/4/2017,2.75,115
10/4/2017,2.75,10
9/4/2017,2.5,98
8/4/2017,2.25,106
7/4/2017,2.25,94
6/4/2017,3.25,49
5/4/2017,3.25,79
4/4/2017,3.13,152
3/4/2017,3.25,62
2/4/2017,3,97
1/4/2017,2.75,109
31/03/2017,2.75,55
30/03/2017,2.75,77
29/03/2017,3.25,96
28/03/2017,3.75,80
27/03/2017,3.25,39
26/03/2017,3.25,78
25/03/2017,3.25,100
24/03/2017,2.75,87
23/03/2017,3.25,72
22/03/2017,4.75,100
21/03/2017,4.75,29
20/03/2017,4.25,61
19/03/2017,4.25,22
18/03/2017,4.25,19
17/03/2017,5.75,20
16/03/2017,2.75,91
15/03/2017,3.75,1
14/03/2017,2.75,91
13/03/2017,2.75,42
12/3/2017,3,108
11/3/2017,3.25,62
10/3/2017,2.75,103
9/3/2017,3.25,37
8/3/2017,2.25,70
7/3/2017,2.25,100
6/3/2017,2.25,47
5/3/2017,2.04,91
4/3/2017,1.83,149
3/3/2017,1.83,297
2/3/2017,1.83,75
1/3/2017,1.7,63
28/02/2017,1.7,117
27/02/2017,1.75,85
26/02/2017,1.79,56
25/02/2017,1.83,149
24/02/2017,1.75,63
23/02/2017,1.7,82
22/02/2017,1.7,109
21/02/2017,1.33,96
20/02/2017,1.33,46
19/02/2017,1.6,104
18/02/2017,1.88,123
17/02/2017,1.83,82
16/02/2017,1.83,92
15/02/2017,1.75,69
14/02/2017,1.53,121
13/02/2017,1.2,42
12/2/2017,1.2,90
11/2/2017,1.2,136
10/2/2017,1.33,106
9/2/2017,1.83,105
8/2/2017,1.75,84
7/2/2017,2.75,133
6/2/2017,2.25,20
5/2/2017,1.98,96
4/2/2017,1.7,100
3/2/2017,1.25,97
2/2/2017,1.3,2
1/2/2017,1.18,93
31/01/2017,1.25,98
30/01/2017,1.2,52
29/01/2017,1.51,81
28/01/2017,1.83,131
27/01/2017,1.83,42
26/01/2017,1.83,26
25/01/2017,1.25,82
24/01/2017,1.2,92
23/01/2017,1.33,45
22/01/2017,1.58,80
21/01/2017,1.83,68
20/01/2017,1.75,87
19/01/2017,1.75,49
18/01/2017,1.25,69
17/01/2017,2.13,103
16/01/2017,2.25,55
15/01/2017,1.79,81
14/01/2017,1.33,62
13/01/2017,1.18,106
12/1/2017,1.25,67
11/1/2017,1.33,63
10/1/2017,1.25,93
9/1/2017,1.33,83
8/1/2017,1.48,8
7/1/2017,1.63,74
6/1/2017,1.33,92
5/1/2017,1.83,64
4/1/2017,1.75,65
3/1/2017,1.75,121
2/1/2017,2.75,29
31/12/2016,1.7,51
30/12/2016,1.7,97
29/12/2016,1.83,83
28/12/2016,2.25,62
27/12/2016,2.25,70
26/12/2016,1.75,23
24/12/2016,1.75,78
23/12/2016,1.7,80
22/12/2016,1.7,69
21/12/2016,1.2,60
20/12/2016,1.33,84
19/12/2016,1.38,36
18/12/2016,1.31,59
17/12/2016,1.25,64
16/12/2016,1.2,64
15/12/2016,1.33,54
14/12/2016,1.33,62
13/12/2016,1.75,77
12/12/2016,1.25,38
11/12/2016,1.69,69
10/12/2016,2.13,66
9/12/2016,2.25,54
8/12/2016,2.25,43
7/12/2016,2.13,47
6/12/2016,1.75,49
5/12/2016,2.25,34
4/12/2016,2.25,59
3/12/2016,2.25,59
2/12/2016,2.75,58
1/12/2016,2.88,44
30/11/2016,2.75,45
29/11/2016,2.25,60
28/11/2016,2.2,29
27/11/2016,2.2,40
26/11/2016,2.2,33
25/11/2016,2.13,55
24/11/2016,2.25,49
23/11/2016,2.25,37
22/11/2016,2.13,41
21/11/2016,1.83,24
20/11/2016,1.79,36
19/11/2016,1.75,42
18/11/2016,1.83,62
17/11/2016,1.83,32
16/11/2016,2.03,44
15/11/2016,2.2,51
14/11/2016,2.63,22
13/11/2016,2.48,56
12/11/2016,2.33,57
11/11/2016,2.38,42
10/11/2016,2.33,56
9/11/2016,2.3,48
8/11/2016,2.75,78
7/11/2016,2.88,24
6/11/2016,2.75,66
5/11/2016,3.75,44
4/11/2016,2.83,39
3/11/2016,2.83,66
2/11/2016,2.75,33
1/11/2016,2.63,44
31/10/2016,2.5,18
30/10/2016,2.83,51
29/10/2016,2.88,58
28/10/2016,2.75,44
27/10/2016,3.25,36
26/10/2016,3.25,45
25/10/2016,2.88,66
24/10/2016,2.33,23
23/10/2016,2.25,52
22/10/2016,2.13,64
21/10/2016,1.75,50
20/10/2016,1.85,61
19/10/2016,1.58,45
18/10/2016,1.63,71
17/10/2016,1.75,33
16/10/2016,1.7,62
15/10/2016,1.73,56
14/10/2016,1.63,51
13/10/2016,1.65,49
12/10/2016,1.63,51
11/10/2016,1.75,74
10/10/2016,1.83,26
9/10/2016,1.2,50
8/10/2016,1.2,46
7/10/2016,1.25,45
6/10/2016,1.13,61
5/10/2016,1.88,48
4/10/2016,1.75,57
3/10/2016,1.75,22
2/10/2016,2.18,36
1/10/2016,2.38,51
30/09/2016,2.25,39
29/09/2016,1.88,59
28/09/2016,2.33,16
27/09/2016,2.03,67
26/09/2016,2.25,27
25/09/2016,2.68,41
24/09/2016,2.75,38
23/09/2016,1.8,35
22/09/2016,3.18,50
21/09/2016,2.65,26
20/09/2016,2.33,47
19/09/2016,2.75,20
18/09/2016,2.33,39
17/09/2016,2.25,70
16/09/2016,2.7,47
15/09/2016,2.88,36
14/09/2016,2.33,38
13/09/2016,2.33,41
12/9/2016,2.25,17
11/9/2016,2.33,44
10/9/2016,2.25,49
9/9/2016,2.75,34
8/9/2016,2.25,55
7/9/2016,2.25,33
6/9/2016,2.13,70
5/9/2016,2.25,24
4/9/2016,2.04,48
3/9/2016,1.83,49
2/9/2016,1.83,44
1/9/2016,1.75,50
31/08/2016,1.83,28
30/08/2016,1.78,62
29/08/2016,1.83,15
28/08/2016,1.83,56
27/08/2016,1.83,67
26/08/2016,2.13,47
25/08/2016,1.7,36
24/08/2016,1.7,41
23/08/2016,1.7,61
22/08/2016,1.75,31
21/08/2016,1.79,41
20/08/2016,1.83,67
19/08/2016,1.75,44
18/08/2016,1.83,65
17/08/2016,1.75,40
16/08/2016,1.75,86
15/08/2016,2.13,22
14/08/2016,2,44
13/08/2016,1.88,90
12/8/2016,1.6,49
11/8/2016,1.88,45
10/8/2016,1.88,42
9/8/2016,2.13,60
8/8/2016,2.25,23
7/8/2016,2,39
6/8/2016,1.75,49
5/8/2016,1.88,51
4/8/2016,1.88,47
3/8/2016,2.13,36
2/8/2016,2.2,59
1/8/2016,2.03,24
31/07/2016,2.11,48
30/07/2016,2.2,66
29/07/2016,2.03,17
28/07/2016,2.11,43
27/07/2016,2.2,36
26/07/2016,1.83,53
25/07/2016,1.75,20
24/07/2016,1.81,33
23/07/2016,1.88,59
22/07/2016,1.38,51
21/07/2016,1.75,83
20/07/2016,1.63,41
19/07/2016,1.75,55
18/07/2016,2.25,27
17/07/2016,2,50
16/07/2016,1.75,82
15/07/2016,1.83,40
14/07/2016,2.25,64
13/07/2016,1.88,29
12/7/2016,2.13,62
11/7/2016,2.25,27
10/7/2016,2.5,68
9/7/2016,2.75,68
8/7/2016,2.25,32
7/7/2016,2.25,53
6/7/2016,2.25,23
5/7/2016,2.25,57
4/7/2016,2.75,22
3/7/2016,2.29,41
2/7/2016,1.83,77
1/7/2016,2.13,44
30/06/2016,2.25,61
29/06/2016,2.13,30
28/06/2016,2.25,45
27/06/2016,2.75,24
26/06/2016,2.5,38
25/06/2016,2.25,56
24/06/2016,2.13,29
23/06/2016,2.25,58
22/06/2016,2.13,32
21/06/2016,1.88,73
20/06/2016,2.2,10
19/06/2016,2.01,42
18/06/2016,1.83,72
17/06/2016,1.75,37
16/06/2016,1.33,47
15/06/2016,1.38,51
14/06/2016,1.75,90
13/06/2016,1.25,29
12/6/2016,1.5,44
11/6/2016,1.75,66
10/6/2016,1.88,59
9/6/2016,1.75,49
8/6/2016,1.63,38
7/6/2016,1.63,80
6/6/2016,1.88,26
5/6/2016,1.81,54
4/6/2016,1.75,66
3/6/2016,1.75,56
2/6/2016,2.25,51
1/6/2016,2.25,36
31/05/2016,2.88,96
30/05/2016,3.25,24
29/05/2016,2.69,37
28/05/2016,2.13,61
27/05/2016,2.13,36
26/05/2016,2.25,59
25/05/2016,2.75,46
24/05/2016,3.25,53
23/05/2016,2.75,21
22/05/2016,2.69,41
21/05/2016,2.63,56
20/05/2016,2.63,40
19/05/2016,2.88,50
18/05/2016,2.75,38
17/05/2016,2.25,93
16/05/2016,2.25,27
15/05/2016,2.5,73
14/05/2016,2.75,69
13/05/2016,2.75,62
12/5/2016,2.25,47
11/5/2016,2.25,63
10/5/2016,2.38,62
9/5/2016,2.75,28
8/5/2016,2.5,34
7/5/2016,2.25,63
6/5/2016,2.25,57
5/5/2016,2.88,76
4/5/2016,2.75,58
3/5/2016,2.88,59
2/5/2016,2.75,29
1/5/2016,2.69,76
30/04/2016,2.63,74
29/04/2016,2.63,73
28/04/2016,2.88,50
27/04/2016,2.75,72
26/04/2016,3.13,72
25/04/2016,2.7,45
24/04/2016,2.73,73
23/04/2016,2.75,62
22/04/2016,3.25,88
21/04/2016,2.75,65
20/04/2016,2.75,59
19/04/2016,2.88,72
18/04/2016,2.75,41
17/04/2016,2.98,24
16/04/2016,3.2,82
15/04/2016,3.25,78
14/04/2016,3.25,42
13/04/2016,2.25,57
12/4/2016,2.38,68
11/4/2016,2.2,27
10/4/2016,2.23,55
9/4/2016,2.25,41
8/4/2016,2.13,80
7/4/2016,2.13,59
6/4/2016,2.25,65
5/4/2016,2.38,80
4/4/2016,2.25,20
3/4/2016,2.23,80
2/4/2016,2.2,83
1/4/2016,2.25,100
31/03/2016,2.25,87
30/03/2016,2.38,66
29/03/2016,2.63,75
28/03/2016,2.38,53
27/03/2016,2.31,53
26/03/2016,2.25,59
25/03/2016,2.23,72
24/03/2016,2.2,94
23/03/2016,2.03,86
22/03/2016,2.25,79
21/03/2016,2.13,43
20/03/2016,2.16,85
19/03/2016,2.2,77
18/03/2016,2.25,100
17/03/2016,2.2,60
16/03/2016,2.03,90
15/03/2016,1.83,60
14/03/2016,1.7,131
13/03/2016,1.76,8
12/3/2016,1.83,76
11/3/2016,2.03,130
10/3/2016,1.83,88
9/3/2016,1.7,94
8/3/2016,1.7,84
7/3/2016,1.88,50
6/3/2016,2,80
5/3/2016,2.13,82
4/3/2016,2.25,109
3/3/2016,2.75,102
2/3/2016,3.25,48
1/3/2016,3.75,100
29/02/2016,2.25,44
28/02/2016,2.25,69
27/02/2016,2.25,50
26/02/2016,2.25,81
25/02/2016,1.25,78
24/02/2016,1.25,91
23/02/2016,1.75,86
22/02/2016,1.18,50
21/02/2016,1.18,86
20/02/2016,1.18,110
19/02/2016,1.13,92
18/02/2016,1.13,67
17/02/2016,1.13,97
16/02/2016,1.13,79
15/02/2016,1.13,48
14/02/2016,1.13,89
13/02/2016,1.13,75
12/2/2016,1.13,87
11/2/2016,1.25,68
10/2/2016,1.25,67
9/2/2016,1.25,80
8/2/2016,1.25,46
7/2/2016,1.13,81
6/2/2016,1.25,73
5/2/2016,1.25,80
4/2/2016,1.25,76
3/2/2016,1.25,75
2/2/2016,1.13,49
1/2/2016,1.2,17
10/1/2016,1.25,57
9/1/2016,1.25,73
8/1/2016,1.25,40
7/1/2016,1.13,61
6/1/2016,1.23,47
5/1/2016,1.48,95
4/1/2016,1.7,36
3/1/2016,1.48,58
2/1/2016,1.25,16
31/12/2015,1.25,66
30/12/2015,1.25,87
29/12/2015,1.25,106
28/12/2015,1.25,27
27/12/2015,1.25,57
26/12/2015,2.75,38
24/12/2015,2.75,35
23/12/2015,1.75,57
22/12/2015,1.25,52
21/12/2015,1.75,36
20/12/2015,1.75,22
19/12/2015,1.75,75
18/12/2015,1.75,65
17/12/2015,1.75,59
16/12/2015,1.75,50
15/12/2015,1.75,54
13/12/2015,1.25,44
12/12/2015,1.25,65
11/12/2015,1.25,48
10/12/2015,1.75,31
9/12/2015,1.25,35
8/12/2015,1.25,71
7/12/2015,1.25,24
6/12/2015,1.25,42
5/12/2015,2.25,53
4/12/2015,2.25,33
3/12/2015,1.75,45
2/12/2015,2.33,34
1/12/2015,2.33,55
30/11/2015,2.33,22
29/11/2015,2.33,34
28/11/2015,1.25,55
27/11/2015,1.25,38
26/11/2015,1.25,43
25/11/2015,1.25,24
24/11/2015,1.75,64
23/11/2015,1.75,35
22/11/2015,1.75,30
21/11/2015,1.75,65
20/11/2015,1.63,47
19/11/2015,1.63,49
18/11/2015,1.63,32
17/11/2015,1.63,65
16/11/2015,1.63,29
15/11/2015,1.75,41
14/11/2015,2.38,54
13/11/2015,2.25,40
12/11/2015,1.75,40
11/11/2015,1.75,40
10/11/2015,2.25,51
9/11/2015,2.25,33
8/11/2015,2.25,34
7/11/2015,3.18,61
6/11/2015,3.25,38
5/11/2015,3.25,64
4/11/2015,3.75,28
3/11/2015,3.13,51
2/11/2015,2.88,24
1/11/2015,2.88,31
31/10/2015,2.25,60
30/10/2015,2.25,24
29/10/2015,2.75,59
28/10/2015,2.75,32
27/10/2015,2.75,73
26/10/2015,2.88,33
25/10/2015,2.88,42
24/10/2015,2.88,81
23/10/2015,2.88,34
22/10/2015,2.38,53
21/10/2015,2.25,36
20/10/2015,2.25,88
19/10/2015,1.88,36
18/10/2015,1.88,30
17/10/2015,2.88,62
16/10/2015,2.75,48
15/10/2015,2.75,50
14/10/2015,2.75,33
13/10/2015,2.75,57
12/10/2015,2.5,30
11/10/2015,2.35,45
10/10/2015,2.25,54
9/10/2015,1.88,40
8/10/2015,1.88,64
7/10/2015,1.88,27
6/10/2015,2,85
5/10/2015,2.25,12
4/10/2015,1.8,32
3/10/2015,1.88,69
2/10/2015,2.5,60
1/10/2015,2.5,36
30/09/2015,1.88,33
29/09/2015,1.88,71
28/09/2015,1.88,30
27/09/2015,1.88,40
26/09/2015,1.88,77
25/09/2015,1.75,39
24/09/2015,1.75,60
23/09/2015,2.25,27
22/09/2015,2.25,84
21/09/2015,2.25,17
20/09/2015,2.25,37
19/09/2015,2.25,68
18/09/2015,2.25,48
17/09/2015,2.25,65
16/09/2015,2.25,31
15/09/2015,1.7,69
14/09/2015,1.7,24
13/09/2015,1.7,40
12/9/2015,1.75,95
11/9/2015,1.75,45
10/9/2015,1.75,73
9/9/2015,1.75,37
8/9/2015,1.75,91
7/9/2015,1.75,31
6/9/2015,1.75,48
5/9/2015,1.75,78
4/9/2015,1.75,34
3/9/2015,2.05,86
2/9/2015,2.13,31
1/9/2015,2.25,69
31/08/2015,2.25,17
30/08/2015,2.25,35
29/08/2015,2.75,83
28/08/2015,2.25,55
26/08/2015,2.25,25
25/08/2015,1.75,60
24/08/2015,2.25,33
23/08/2015,2.25,45
22/08/2015,1.75,68
21/08/2015,2.13,53
20/08/2015,2.13,52
19/08/2015,2.13,41
18/08/2015,2.13,74
17/08/2015,2.13,23
16/08/2015,2.13,47
15/08/2015,2.03,76
14/08/2015,2.25,32
13/08/2015,2.63,28
12/8/2015,2.25,33
11/8/2015,1.75,61
10/8/2015,1.75,20
9/8/2015,1.75,47
8/8/2015,2.33,41
7/8/2015,2.33,49
6/8/2015,2.33,48
5/8/2015,2.33,35
4/8/2015,2.33,46
3/8/2015,2.33,12
2/8/2015,2.33,25
1/8/2015,2.33,57
31/07/2015,2.33,24
30/07/2015,2.33,49
28/07/2015,2.33,24
27/07/2015,2.2,16
26/07/2015,2.2,41
25/07/2015,2.38,32
24/07/2015,2.2,46
23/07/2015,2.25,57
22/07/2015,2.25,33
21/07/2015,2.25,50
20/07/2015,2.25,20
19/07/2015,2.25,41
18/07/2015,2.13,46
17/07/2015,2.2,40
16/07/2015,2.2,34
15/07/2015,2.13,37
14/07/2015,2.25,61
13/07/2015,1.7,19
12/7/2015,1.7,28
11/7/2015,1.7,65
10/7/2015,2.25,36
9/7/2015,2.25,39
8/7/2015,2.25,44
7/7/2015,2.65,65
6/7/2015,2.65,25
5/7/2015,2.7,40
4/7/2015,2.63,65
3/7/2015,2.63,39
2/7/2015,1.83,54
1/7/2015,2.2,28
30/06/2015,2.2,60
29/06/2015,2.2,21
28/06/2015,2.2,37
27/06/2015,2.13,50
26/06/2015,1.83,39
25/06/2015,1.83,35
24/06/2015,1.83,40
23/06/2015,1.83,78
22/06/2015,1.75,20
21/06/2015,1.75,50
20/06/2015,1.75,34
19/06/2015,1.75,41
18/06/2015,2.13,72
17/06/2015,2.13,38
16/06/2015,2.13,56
15/06/2015,2.13,28
14/06/2015,2.13,41
13/06/2015,1.75,62
12/6/2015,2.05,47
11/6/2015,2.15,59
10/6/2015,2.15,34
9/6/2015,2,78
8/6/2015,1.25,28
7/6/2015,1.13,48
6/6/2015,1.88,85
5/6/2015,1.88,56
4/6/2015,2.25,76
3/6/2015,2.25,45
2/6/2015,2.25,78
1/6/2015,2.63,33
31/05/2015,2.63,50
30/05/2015,2.75,63
29/05/2015,2.75,29
28/05/2015,2.38,60
27/05/2015,2.75,46
26/05/2015,2.75,66
25/05/2015,2.75,23
24/05/2015,2.75,43
23/05/2015,2.75,77
22/05/2015,2.75,51
21/05/2015,2.75,36
20/05/2015,2.75,69
19/05/2015,4.25,32
18/05/2015,2.75,20
17/05/2015,2.75,55
16/05/2015,2.25,61
15/05/2015,2.25,48
14/05/2015,2.25,60
13/05/2015,2.25,39
12/5/2015,2.25,52
11/5/2015,2.25,23
10/5/2015,2.25,35
9/5/2015,2.25,92
8/5/2015,2.25,3
7/5/2015,2.75,62
6/5/2015,2.75,53
5/5/2015,3.13,52
4/5/2015,2.7,33
3/5/2015,2.75,44
2/5/2015,2.75,53
30/04/2015,2.75,56
29/04/2015,2.75,44
28/04/2015,2.13,62
27/04/2015,1.85,40
26/04/2015,1.85,55
25/04/2015,2.05,77
24/04/2015,2.15,69
23/04/2015,2.4,58
22/04/2015,2.4,58
21/04/2015,2.08,82
20/04/2015,2.23,24
19/04/2015,2.15,59
18/04/2015,2.15,68
17/04/2015,2.15,68
16/04/2015,1.83,63
15/04/2015,1.73,55
14/04/2015,1.65,56
13/04/2015,1.65,43
12/4/2015,1.65,70
11/4/2015,2.23,100
10/4/2015,2.23,61
9/4/2015,2.23,63
8/4/2015,2.4,82
7/4/2015,2.4,72
6/4/2015,2.4,28
5/4/2015,2.4,35
4/4/2015,2.15,67
2/4/2015,2.4,61
1/4/2015,2.4,68
31/03/2015,2.4,75
30/03/2015,3.13,65
29/03/2015,3.15,99
28/03/2015,3.15,14
27/03/2015,3.15,71
26/03/2015,3.15,48
25/03/2015,3.15,103
23/03/2015,2.73,27
22/03/2015,2.73,61
21/03/2015,2.73,57
20/03/2015,2.73,65
19/03/2015,2.73,66
18/03/2015,2.7,50
17/03/2015,2.88,43
16/03/2015,2.88,31
15/03/2015,2.9,63
14/03/2015,2.9,84
13/03/2015,2.6,60
12/3/2015,2.38,73
11/3/2015,2.38,53
10/3/2015,2.38,66
9/3/2015,2.05,32
8/3/2015,2.05,61
7/3/2015,2.05,83
6/3/2015,2.05,56
5/3/2015,2.15,96
4/3/2015,2.15,49
3/3/2015,2.15,76
2/3/2015,1.43,23
1/3/2015,1.43,39
28/02/2015,1.43,108
27/02/2015,1.43,62
26/02/2015,1.4,75
25/02/2015,1.4,49
24/02/2015,1.15,82
23/02/2015,1.9,29
22/02/2015,1.9,57
21/02/2015,1.9,88
20/02/2015,1.9,64
19/02/2015,2.13,66
18/02/2015,1.65,45
17/02/2015,1.65,74
16/02/2015,1.65,20
15/02/2015,1.65,67
14/02/2015,1.65,84
13/02/2015,1.65,73
12/2/2015,1.85,80
11/2/2015,2.35,59
10/2/2015,2.45,54
9/2/2015,2.15,19
8/2/2015,2.15,65
7/2/2015,1.88,72
6/2/2015,1.88,48
5/2/2015,1.95,49
4/2/2015,1.95,52
3/2/2015,2.1,87
2/2/2015,2.4,28
1/2/2015,1.9,65
31/01/2015,2.4,60
30/01/2015,2.4,50
29/01/2015,2.4,73
28/01/2015,2.4,43
27/01/2015,2.4,100
26/01/2015,2.4,26
25/01/2015,2.4,41
24/01/2015,1.85,74
23/01/2015,2.38,52
22/01/2015,2.4,56
21/01/2015,2.4,32
20/01/2015,2.4,63
19/01/2015,2.4,24
18/01/2015,2.15,61
17/01/2015,1.48,70
16/01/2015,1.65,38
15/01/2015,1.1,59
14/01/2015,0.9,49
13/01/2015,0.9,76
12/1/2015,0.9,24
11/1/2015,0.9,72
10/1/2015,0.85,72
9/1/2015,0.95,56
8/1/2015,1.05,68
7/1/2015,1.25,64
6/1/2015,1.15,99
5/1/2015,1.15,29
4/1/2015,1.05,66
3/1/2015,0.95,58
2/1/2015,1.25,29
30/11/2014,1.28,44
29/11/2014,1.28,68
28/11/2014,1.35,48
27/11/2014,1.4,64
26/11/2014,1.08,35
25/11/2014,1.08,73
24/11/2014,1.08,23
23/11/2014,1.08,36
22/11/2014,1.23,52
21/11/2014,1.1,33
20/11/2014,1.08,62
19/11/2014,1.18,41
18/11/2014,1.43,85
17/11/2014,1.7,17
16/11/2014,1.7,32
15/11/2014,1.25,50
14/11/2014,1.18,40
13/11/2014,1.35,49
12/11/2014,1.43,38
11/11/2014,1.43,58
10/11/2014,1.2,20
9/11/2014,1.2,38
8/11/2014,1.45,62
7/11/2014,1.45,36
6/11/2014,1.45,57
5/11/2014,1.55,37
4/11/2014,1.65,36
3/11/2014,1.65,20
2/11/2014,1.65,34
1/11/2014,1.4,24
31/10/2014,1.4,39
30/10/2014,1.6,50
29/10/2014,1.6,36
28/10/2014,1.6,42
27/10/2014,1.6,13
26/10/2014,1.9,32
25/10/2014,1.9,37
24/10/2014,1.9,30
23/10/2014,1.35,43
22/10/2014,1.75,18
21/10/2014,1.65,48
20/10/2014,1.65,12
19/10/2014,1.65,27
18/10/2014,1.65,54
17/10/2014,1.65,19
16/10/2014,1.95,32
15/10/2014,1.95,35
14/10/2014,2.1,33
13/10/2014,2.1,12
12/10/2014,2.1,22
11/10/2014,1.9,48
10/10/2014,1.9,48
9/10/2014,1.9,36
8/10/2014,2.3,27
7/10/2014,2.3,40
6/10/2014,1.9,12
5/10/2014,1.35,25
4/10/2014,1.4,36
3/10/2014,1.4,30
2/10/2014,1.35,25
1/10/2014,1.15,24
30/09/2014,1.15,26
29/09/2014,1.1,15
28/09/2014,1.13,27
27/09/2014,1.13,27
26/09/2014,0.9,31
25/09/2014,0.95,37
24/09/2014,1.4,33
23/09/2014,1.9,38
22/09/2014,2.35,7
21/09/2014,1.9,30
20/09/2014,1.38,31
18/09/2014,1.1,22
17/09/2014,1.1,26
16/09/2014,1.35,45
15/09/2014,1.1,26
14/09/2014,1.1,22
13/09/2014,1.4,31
12/9/2014,1.4,30
11/9/2014,1.25,27
10/9/2014,1.25,24
9/9/2014,2.08,24
8/9/2014,2.08,14
7/9/2014,2.08,38
6/9/2014,2.08,12
5/9/2014,1.63,34
4/9/2014,1.25,34
3/9/2014,1.25,17
2/9/2014,1.75,33
1/9/2014,2.25,14
31/08/2014,2.4,35
30/08/2014,2.13,43
29/08/2014,2.13,31
28/08/2014,1.88,23
27/08/2014,2.13,30
26/08/2014,2.03,30
25/08/2014,1.98,12
24/08/2014,2.13,31
23/08/2014,2.13,34
22/08/2014,1.95,33
21/08/2014,1.8,28
20/08/2014,2,21
19/08/2014,2.25,30
18/08/2014,2.25,37
17/08/2014,2.1,30
16/08/2014,2.1,42
15/08/2014,1.9,28
14/08/2014,2,23
13/08/2014,2.25,24
12/8/2014,2.25,24
11/8/2014,2.13,28
10/8/2014,2.13,36
9/8/2014,2.13,47
8/8/2014,2.38,7
7/8/2014,1.8,41
6/8/2014,1.9,32
5/8/2014,1.9,37
4/8/2014,1.9,31
3/8/2014,2,33
2/8/2014,2.1,41
1/8/2014,2.1,39
31/07/2014,2.4,40
30/07/2014,2.65,21
28/07/2014,2.9,15
27/07/2014,2.15,55
26/07/2014,2.25,15
25/07/2014,1.9,31
24/07/2014,2.4,43
23/07/2014,2.4,23
22/07/2014,2.15,39
21/07/2014,2.15,30
20/07/2014,2.65,7
19/07/2014,2.58,41
18/07/2014,2.25,39
17/07/2014,3.38,9
16/07/2014,2.75,23
15/07/2014,2.15,35
14/07/2014,2.05,20
13/07/2014,2.05,37
12/7/2014,2.05,59
11/7/2014,2.25,31
10/7/2014,2.25,32
9/7/2014,2.25,33
8/7/2014,2.25,33
7/7/2014,2.25,17
6/7/2014,2.25,26
5/7/2014,2.75,48
4/7/2014,2.75,34
3/7/2014,3.25,31
2/7/2014,3.8,25
1/7/2014,3.8,22
30/06/2014,3.48,20
29/06/2014,3.48,23
28/06/2014,3.48,53
27/06/2014,3.25,33
26/06/2014,3.75,25
25/06/2014,4.1,27
24/06/2014,4.15,41
23/06/2014,4.15,29
22/06/2014,4.15,30
21/06/2014,4.15,19
20/06/2014,3.75,29
19/06/2014,3.65,31
18/06/2014,3.25,23
17/06/2014,3.9,35
16/06/2014,3.65,19
15/06/2014,3.9,21
14/06/2014,3.9,22
13/06/2014,4.2,26
12/6/2014,4.15,30
11/6/2014,4.25,15
10/6/2014,4.75,35
9/6/2014,4.38,8
8/6/2014,4.38,25
7/6/2014,4.7,36
6/6/2014,4.25,27
5/6/2014,3.75,31
4/6/2014,3.15,24
3/6/2014,3.25,30
2/6/2014,2.75,16
1/6/2014,2.75,16
31/05/2014,2.75,44
30/05/2014,3.25,20
29/05/2014,3.25,47
28/05/2014,3.25,25
27/05/2014,3.25,50
26/05/2014,3.75,25
25/05/2014,3.75,34
24/05/2014,3.25,45
23/05/2014,2.75,29
22/05/2014,2.75,27
21/05/2014,2.75,20
20/05/2014,2.75,51
19/05/2014,2.75,29
18/05/2014,2.75,30
17/05/2014,2.65,47
16/05/2014,2.65,37
15/05/2014,2.35,48
14/05/2014,2.15,38
13/05/2014,2.65,50
12/5/2014,3.25,27
11/5/2014,3.75,28
10/5/2014,3.15,35
9/5/2014,3.15,27
8/5/2014,3.15,40
7/5/2014,3.35,28
6/5/2014,3.4,46
5/5/2014,3.75,16
4/5/2014,3.75,33
3/5/2014,3.75,37
2/5/2014,3.65,40
30/04/2014,3.75,33
29/04/2014,3.75,36
28/04/2014,3.25,40
27/04/2014,3.25,29
26/04/2014,2.75,53
25/04/2014,2.75,32
24/04/2014,3,48
23/04/2014,3.65,33
22/04/2014,3.75,56
21/04/2014,3.5,32
20/04/2014,3.75,31
19/04/2014,3.25,35
17/04/2014,2.65,43
16/04/2014,2.65,35
15/04/2014,2.5,48
14/04/2014,2.5,19
13/04/2014,2.1,32
12/4/2014,1.88,57
11/4/2014,1.88,35
10/4/2014,1.75,40
9/4/2014,1.9,35
8/4/2014,1.9,41
7/4/2014,1.75,29
6/4/2014,1.75,31
5/4/2014,1.75,61
4/4/2014,1.75,54
3/4/2014,1.9,36
2/4/2014,1.65,42
1/4/2014,1.65,36
31/03/2014,1.65,38
30/03/2014,1.65,48
29/03/2014,1.9,39
28/03/2014,1.4,52
27/03/2014,1.4,50
26/03/2014,1.4,41
25/03/2014,1.75,51
24/03/2014,1.75,41
23/03/2014,1.75,57
22/03/2014,1.25,80
21/03/2014,1.25,52
20/03/2014,1.75,64
19/03/2014,1.65,45
18/03/2014,1.25,54
17/03/2014,1.9,41
16/03/2014,1.9,47
15/03/2014,2.2,70
14/03/2014,2.2,70
13/03/2014,2.1,34
12/3/2014,1.75,60
11/3/2014,2.38,51
10/3/2014,2.38,34
9/3/2014,2.13,24
8/3/2014,1.83,59
7/3/2014,1.83,55
6/3/2014,1.83,38
5/3/2014,1.83,41
4/3/2014,1.83,49
3/3/2014,1.83,41
2/3/2014,1.85,35
1/3/2014,1.85,46
28/02/2014,1.75,28
27/02/2014,1.75,43
26/02/2014,1.7,46
25/02/2014,1.53,35
24/02/2014,1.4,18
23/02/2014,1.4,46
22/02/2014,1.18,46
21/02/2014,1.18,56
20/02/2014,1.25,46
19/02/2014,1.25,40
18/02/2014,1.23,51
17/02/2014,1.23,33
16/02/2014,1.25,57
15/02/2014,1.25,66
14/02/2014,1.18,45
13/02/2014,1.13,59
12/2/2014,1.13,37
11/2/2014,1.1,53
10/2/2014,1.15,30
9/2/2014,1.15,50
8/2/2014,1.4,49
7/2/2014,1.4,44
6/2/2014,1.35,47
5/2/2014,1.43,37
4/2/2014,1.45,57
3/2/2014,1.45,37
2/2/2014,1.38,46
1/2/2014,1.38,31
31/01/2014,1.28,47
30/01/2014,1.13,52
29/01/2014,1.13,26
28/01/2014,1.33,59
27/01/2014,1.45,40
26/01/2014,1.45,50
25/01/2014,1.33,54
24/01/2014,1.33,69
23/01/2014,1.43,30
22/01/2014,1.5,49
21/01/2014,1.63,44
20/01/2014,1.6,36
19/01/2014,1.55,36
18/01/2014,1.5,46
17/01/2014,1.5,45
16/01/2014,1.6,48
15/01/2014,1.68,35
14/01/2014,1.68,51
13/01/2014,1.73,40
12/1/2014,1.55,45
11/1/2014,1.55,63
10/1/2014,1.45,63
9/1/2014,1.43,57
8/1/2014,1.68,28
7/1/2014,1.85,57
6/1/2014,1.83,32
5/1/2014,1.95,40
4/1/2014,2.08,51
3/1/2014,2.08,48
2/1/2014,1.58,20
31/12/2013,1.65,27
30/12/2013,1.65,45
29/12/2013,1.58,28
28/12/2013,1.5,51
27/12/2013,1.58,27
26/12/2013,1.58,37
24/12/2013,1.43,64
23/12/2013,1.6,41
22/12/2013,1.58,28
21/12/2013,1.48,33
20/12/2013,1.4,46
19/12/2013,1.3,53
18/12/2013,1.3,39
17/12/2013,1.28,44
16/12/2013,1.3,35
15/12/2013,1.3,58
14/12/2013,1.3,73
13/12/2013,1.38,42
12/12/2013,1.48,48
11/12/2013,1.48,34
10/12/2013,1.48,74
9/12/2013,1.73,28
8/12/2013,1.73,39
7/12/2013,1.73,55
6/12/2013,1.83,39
5/12/2013,1.83,70
4/12/2013,1.83,31
3/12/2013,1.85,53
2/12/2013,1.93,31
1/12/2013,1.9,33
30/11/2013,1.95,56
29/11/2013,1.95,30
28/11/2013,1.93,50
27/11/2013,1.9,28
26/11/2013,2.23,50
25/11/2013,2.18,19
24/11/2013,2.73,63
23/11/2013,2.73,60
22/11/2013,2.7,41
21/11/2013,2.7,38
20/11/2013,2.68,34
19/11/2013,2.6,43
18/11/2013,2.35,19
17/11/2013,2.38,52
16/11/2013,2.13,53
15/11/2013,2.1,39
14/11/2013,2.1,62
13/11/2013,2.1,34
12/11/2013,2.35,54
11/11/2013,2.4,20
10/11/2013,2.43,43
9/11/2013,2.4,64
8/11/2013,2.45,40
7/11/2013,2.88,44
6/11/2013,2.88,38
5/11/2013,2.88,54
4/11/2013,3.25,24
3/11/2013,3.25,46
2/11/2013,2.88,18
1/11/2013,2.65,17
31/10/2013,2.65,59
30/10/2013,2.65,37
29/10/2013,2.78,66
28/10/2013,2.83,18
27/10/2013,2.65,59
26/10/2013,2.65,62
25/10/2013,2.65,39
24/10/2013,2.6,39
23/10/2013,2.5,34
22/10/2013,2.35,37
21/10/2013,2.05,12
20/10/2013,2.08,42
19/10/2013,1.93,51
18/10/2013,1.88,54
17/10/2013,2.75,25
16/10/2013,2.75,49
15/10/2013,2.75,42
14/10/2013,2.38,13
13/10/2013,2.25,59
12/10/2013,2.25,47
11/10/2013,2.25,49
10/10/2013,2.88,22
9/10/2013,2.88,30
8/10/2013,2.88,48
7/10/2013,2.88,24
6/10/2013,2.43,45
5/10/2013,1.95,43
4/10/2013,1.95,46
3/10/2013,1.75,37
2/10/2013,1.75,35
1/10/2013,1.23,14
30/09/2013,1.23,11
29/09/2013,1.23,28
28/09/2013,1.2,42
27/09/2013,1.38,39
26/09/2013,1.38,16
25/09/2013,1.38,37
24/09/2013,1.13,41
23/09/2013,1.53,16
22/09/2013,1.5,41
21/09/2013,1.5,44
20/09/2013,1.5,36
19/09/2013,1.48,49
18/09/2013,1.48,40
17/09/2013,1.28,46
16/09/2013,1.3,9
15/09/2013,1.1,24
14/09/2013,1.1,52
13/09/2013,1.13,35
12/9/2013,1.08,45
11/9/2013,1.05,48
10/9/2013,0.95,53
9/9/2013,0.93,19
8/9/2013,1.33,38
7/9/2013,1.35,56
6/9/2013,1.35,45
5/9/2013,1.28,48
4/9/2013,1.28,10
3/9/2013,1.28,42
2/9/2013,1.1,14
1/9/2013,1.1,32
31/08/2013,1.1,44
30/08/2013,1.1,32
29/08/2013,1.13,41
28/08/2013,1.1,41
27/08/2013,1.13,60
26/08/2013,1.1,15
25/08/2013,1.1,40
24/08/2013,1.08,47
23/08/2013,1.08,37
22/08/2013,0.9,33
21/08/2013,0.93,28
20/08/2013,0.95,36
19/08/2013,0.95,14
18/08/2013,1.08,40
17/08/2013,1.1,63
16/08/2013,1.13,28
15/08/2013,1.1,38
14/08/2013,1.08,33
13/08/2013,1.05,19
12/8/2013,0.88,26
11/8/2013,0.85,41
10/8/2013,0.98,37
9/8/2013,1,34
8/8/2013,1,42
7/8/2013,0.93,29
6/8/2013,0.93,36
5/8/2013,0.93,19
4/8/2013,0.93,42
3/8/2013,0.93,40
2/8/2013,0.93,42
1/8/2013,0.93,33
31/07/2013,0.95,29
30/07/2013,1.18,53
29/07/2013,1.18,7
28/07/2013,1.23,15
27/07/2013,1.25,52
26/07/2013,1.18,27
25/07/2013,1.7,41
24/07/2013,1.7,42
23/07/2013,1.7,45
22/07/2013,1.75,28
21/07/2013,1.38,34
20/07/2013,1.38,42
19/07/2013,1.38,6
18/07/2013,1.25,36
17/07/2013,1.5,27
16/07/2013,1.6,30
15/07/2013,1.75,20
14/07/2013,1.75,38
13/07/2013,1.63,32
12/7/2013,1.55,34
11/7/2013,1.83,37
10/7/2013,2.03,31
9/7/2013,2.13,45
8/7/2013,2.13,16
7/7/2013,2.25,30
6/7/2013,2.25,39
5/7/2013,2.25,20
4/7/2013,2.58,45
3/7/2013,2.8,20
2/7/2013,2.63,42
1/7/2013,2.5,12
30/06/2013,1.75,24
29/06/2013,1.5,41
28/06/2013,1.88,29
27/06/2013,2.13,36
26/06/2013,2.38,20
25/06/2013,2.25,26
24/06/2013,2.13,15
23/06/2013,2.25,19
22/06/2013,2.25,65
21/06/2013,2.25,37
20/06/2013,2.25,37
19/06/2013,2.25,21
18/06/2013,2,32
17/06/2013,2.13,14
16/06/2013,2.2,33
15/06/2013,2.13,41
14/06/2013,1.75,32
13/06/2013,2.13,44
12/6/2013,2.18,26
11/6/2013,2.25,55
10/6/2013,2.38,14
9/6/2013,2.18,22
8/6/2013,2.38,26
7/6/2013,2.75,40
6/6/2013,2.45,23
5/6/2013,2.38,22
4/6/2013,2.38,43
3/6/2013,2.13,12
2/6/2013,2.38,32
1/6/2013,2.25,14
31/05/2013,2.13,41
30/05/2013,1.75,21
29/05/2013,2.25,22
28/05/2013,2.5,44
27/05/2013,2.25,21
26/05/2013,2.75,34
25/05/2013,2.75,34
24/05/2013,3.25,25
23/05/2013,2.25,25
22/05/2013,2.45,34
21/05/2013,2.75,16
20/05/2013,3.18,14
19/05/2013,3,30
18/05/2013,3.18,41
17/05/2013,3.1,41
16/05/2013,3.2,44
15/05/2013,3,28
14/05/2013,2.88,35
13/05/2013,2.7,12
12/5/2013,3.13,19
11/5/2013,3.13,42
10/5/2013,3.13,13
9/5/2013,3.63,36
8/5/2013,3.63,38
7/5/2013,3.63,42
6/5/2013,3.5,16
5/5/2013,3.4,33
4/5/2013,3.4,59
3/5/2013,3,47
2/5/2013,2.8,56
1/5/2013,3.38,15
30/04/2013,3.63,41
29/04/2013,3.5,18
28/04/2013,3.75,37
27/04/2013,3.75,29
26/04/2013,4.5,31
25/04/2013,4.25,18
24/04/2013,3.13,37
23/04/2013,2.88,37
22/04/2013,3.25,26
21/04/2013,3.25,45
20/04/2013,3.25,30
19/04/2013,3.38,44
18/04/2013,2.75,61
17/04/2013,2.75,25
16/04/2013,2.58,38
15/04/2013,2.5,35
14/04/2013,2.63,30
13/04/2013,2.5,44
12/4/2013,2.38,25
11/4/2013,2.38,31
10/4/2013,2.5,36
9/4/2013,2.63,41
8/4/2013,2.75,22
7/4/2013,2.75,24
6/4/2013,2.63,38
5/4/2013,2.75,31
4/4/2013,2.75,50
3/4/2013,2.88,36
2/4/2013,2.75,38
1/4/2013,2.75,23
31/03/2013,2.7,46
30/03/2013,2.75,48
29/03/2013,2.8,25
28/03/2013,2.88,61
27/03/2013,2.75,66
26/03/2013,2.83,45
25/03/2013,2.5,20
24/03/2013,2.4,67
23/03/2013,2.33,61
22/03/2013,2.38,26
21/03/2013,2.43,45
20/03/2013,2.75,37
19/03/2013,2.88,51
18/03/2013,2.63,19
17/03/2013,2.65,26
16/03/2013,2.83,44
15/03/2013,2.88,56
14/03/2013,2.88,39
13/03/2013,3.25,45
12/3/2013,3.25,39
11/3/2013,3.38,25
10/3/2013,3.25,39
9/3/2013,3.25,47
8/3/2013,2.75,57
7/3/2013,3.33,44
6/3/2013,3.18,25
5/3/2013,3.18,40
4/3/2013,3.03,15
3/3/2013,2.8,44
2/3/2013,2.88,42
1/3/2013,2.75,34
28/02/2013,2.75,42
27/02/2013,2.75,36
26/02/2013,2.25,32
25/02/2013,2.75,21
24/02/2013,2.75,31
23/02/2013,2.75,49
22/02/2013,2.25,44
21/02/2013,2.25,68
20/02/2013,2.25,38
19/02/2013,2.25,50
18/02/2013,2.25,15
17/02/2013,2.25,55
16/02/2013,2.25,49
15/02/2013,2.1,58
14/02/2013,2.1,51
13/02/2013,2.1,69
12/2/2013,2.25,32
11/2/2013,1.78,13
10/2/2013,2,51
9/2/2013,2.25,55
8/2/2013,2.25,40
7/2/2013,2.25,39
6/2/2013,2.25,43
5/2/2013,2.75,22
4/2/2013,2.75,21
3/2/2013,2.75,37
2/2/2013,2.75,30
1/2/2013,2.75,39
31/01/2013,2.75,36
30/01/2013,2.75,51
29/01/2013,2.25,23
28/01/2013,2.75,13
27/01/2013,2.75,47
26/01/2013,2.75,38
25/01/2013,2.75,52
24/01/2013,2.75,28
23/01/2013,2.75,35
22/01/2013,3.25,40
21/01/2013,3.5,24
20/01/2013,3.5,18
19/01/2013,3.5,18
18/01/2013,2.75,45
17/01/2013,3.75,2
16/01/2013,2.75,10
15/01/2013,2.75,24
14/01/2013,2.5,18
13/01/2013,2.38,34
12/1/2013,2.25,45
11/1/2013,2.75,29
10/1/2013,2.75,36
9/1/2013,2.75,50
8/1/2013,2.75,30
7/1/2013,2.75,28
6/1/2013,2.75,16
5/1/2013,2.75,41
4/1/2013,2.75,42
3/1/2013,2.25,55
2/1/2013,2.75,4
1/1/2013,2.75,1