Date,Tomato_Price,Tomato_Volume
5/5/2021,1.71,297
4/5/2021,1.67,423
3/5/2021,1.65,158
2/5/2021,1.67,20
1/5/2021,1.67,354
30/04/2021,1.71,375
29/04/2021,1.67,347
28/04/2021,1.62,246
27/04/2021,1.53,344
26/04/2021,1.48,135
25/04/2021,1.53,15
24/04/2021,1.53,290
23/04/2021,1.53,307
22/04/2021,1.67,294
21/04/2021,1.57,288
20/04/2021,1.48,379
19/04/2021,1.53,186
18/04/2021,1.53,288
17/04/2021,1.53,408
16/04/2021,1.34,320
15/04/2021,1.28,243
14/04/2021,1.32,247
13/04/2021,1.25,350
12/4/2021,1.34,156
11/4/2021,1.48,186
10/4/2021,1.48,326
9/4/2021,1.34,320
8/4/2021,1.30,249
7/4/2021,1.44,297
6/4/2021,1.48,469
5/4/2021,1.71,292
4/4/2021,1.67,316
3/4/2021,1.67,286
2/4/2021,1.67,216
1/4/2021,1.71,308
31/03/2021,1.99,460
30/03/2021,1.99,402
29/03/2021,1.94,171
28/03/2021,2.04,245
27/03/2021,2.04,371
26/03/2021,1.85,393
25/03/2021,1.85,335
24/03/2021,2.18,235
23/03/2021,2.16,341
22/03/2021,2.34,388
21/03/2021,2.64,352
20/03/2021,2.64,376
19/03/2021,2.67,215
18/03/2021,2.67,132
17/03/2021,2.48,145
16/03/2021,1.48,361
15/03/2021,1.44,253
14/03/2021,1.44,49
13/03/2021,1.44,327
12/3/2021,1.30,369
11/3/2021,1.32,284
10/3/2021,1.30,329
9/3/2021,1.32,410
8/3/2021,1.37,300
7/3/2021,1.42,4
6/3/2021,1.42,378
5/3/2021,1.57,382
4/3/2021,1.60,357
3/3/2021,1.53,271
2/3/2021,1.56,313
1/3/2021,1.53,161
28/02/2021,1.53,229
27/02/2021,1.53,324
26/02/2021,1.62,348
25/02/2021,1.79,351
24/02/2021,1.76,303
23/02/2021,1.79,406
22/02/2021,1.85,211
21/02/2021,1.69,217
20/02/2021,1.69,308
19/02/2021,1.67,330
18/02/2021,1.69,298
17/02/2021,1.67,335
16/02/2021,1.67,365
15/02/2021,1.60,201
14/02/2021,1.68,233
13/02/2021,1.68,343
12/2/2021,1.57,349
11/2/2021,1.57,241
10/2/2021,1.34,258
9/2/2021,1.34,296
8/2/2021,1.30,164
7/2/2021,1.34,160
6/2/2021,1.34,351
5/2/2021,1.53,410
4/2/2021,1.48,410
3/2/2021,1.67,325
2/2/2021,1.71,536
1/2/2021,1.71,253
31/01/2021,1.62,180
30/01/2021,1.62,351
29/01/2021,1.69,351
28/01/2021,1.67,425
27/01/2021,1.71,341
26/01/2021,1.69,540
25/01/2021,1.67,184
24/01/2021,1.57,142
23/01/2021,1.57,290
22/01/2021,1.71,282
21/01/2021,1.67,341
20/01/2021,1.53,316
19/01/2021,1.48,393
18/01/2021,1.53,105
17/01/2021,1.48,153
16/01/2021,1.48,389
15/01/2021,1.39,372
14/01/2021,1.39,355
13/01/2021,1.48,327
12/1/2021,1.32,450
11/1/2021,1.30,99
10/1/2021,1.34,200
9/1/2021,1.34,347
8/1/2021,1.48,249
7/1/2021,1.53,350
6/1/2021,1.30,296
5/1/2021,1.30,354
4/1/2021,1.53,283
3/1/2021,1.48,285
2/1/2021,1.48,84
1/1/2021,1.34,32
31/12/2020,1.34,280
30/12/2020,1.39,352
29/12/2020,1.44,402
28/12/2020,1.42,257
27/12/2020,1.42,370
26/12/2020,1.42,173
25/12/2020,1.37,37
24/12/2020,1.42,276
23/12/2020,1.37,327
22/12/2020,1.33,388
21/12/2020,1.31,207
20/12/2020,1.31,225
19/12/2020,1.31,314
18/12/2020,1.23,314
17/12/2020,1.31,364
16/12/2020,1.33,234
15/12/2020,1.37,372
14/12/2020,1.28,174
13/12/2020,1.25,188
12/12/2020,1.25,322
11/12/2020,1.23,324
10/12/2020,1.31,353
9/12/2020,1.33,334
8/12/2020,1.45,508
7/12/2020,1.62,174
6/12/2020,1.67,160
5/12/2020,1.67,376
4/12/2020,1.53,359
3/12/2020,1.50,297
2/12/2020,1.37,234
1/12/2020,1.28,263
30/11/2020,1.26,152
29/11/2020,1.23,147
28/11/2020,1.23,356
27/11/2020,1.25,359
26/11/2020,1.23,308
25/11/2020,1.11,266
24/11/2020,1.00,261
23/11/2020,1.05,216
22/11/2020,1.12,139
21/11/2020,1.12,267
20/11/2020,1.19,282
19/11/2020,1.20,274
18/11/2020,1.19,342
17/11/2020,1.23,418
16/11/2020,1.19,206
15/11/2020,1.20,178
14/11/2020,1.20,279
13/11/2020,1.23,298
12/11/2020,1.23,254
11/11/2020,1.19,248
10/11/2020,1.20,386
9/11/2020,1.02,71
8/11/2020,1.05,156
7/11/2020,1.05,259
6/11/2020,1.17,311
5/11/2020,1.19,293
4/11/2020,1.20,178
3/11/2020,1.30,331
2/11/2020,1.23,125
1/11/2020,1.20,165
31/10/2020,1.20,310
30/10/2020,1.25,348
29/10/2020,1.25,257
28/10/2020,1.20,274
27/10/2020,1.06,249
26/10/2020,1.20,117
25/10/2020,1.23,148
24/10/2020,1.23,312
23/10/2020,1.23,286
22/10/2020,1.19,173
21/10/2020,1.00,321
20/10/2020,1.02,391
19/10/2020,1.06,285
18/10/2020,1.02,264
17/10/2020,1.02,377
16/10/2020,1.19,203
15/10/2020,1.05,232
14/10/2020,0.97,274
13/10/2020,1.02,336
12/10/2020,1.00,173
11/10/2020,0.88,128
10/10/2020,0.88,220
9/10/2020,0.97,260
8/10/2020,0.97,366
7/10/2020,1.00,207
6/10/2020,0.97,311
5/10/2020,0.88,152
4/10/2020,1.02,169
3/10/2020,1.02,268
2/10/2020,0.97,271
1/10/2020,0.83,210
30/09/2020,1.02,238
29/09/2020,1.05,440
28/09/2020,1.05,257
27/09/2020,1.11,136
26/09/2020,1.11,172
25/09/2020,1.00,225
24/09/2020,1.02,267
23/09/2020,1.02,319
22/09/2020,1.02,429
21/09/2020,1.20,160
20/09/2020,1.20,109
19/09/2020,1.20,272
18/09/2020,1.16,396
17/09/2020,1.20,420
16/09/2020,1.20,310
15/09/2020,1.25,282
14/09/2020,1.20,128
13/09/2020,1.06,3
12/9/2020,1.06,316
11/9/2020,1.16,335
10/9/2020,1.16,277
9/9/2020,1.02,285
8/9/2020,1.16,280
7/9/2020,1.39,179
6/9/2020,1.39,35
5/9/2020,1.39,260
4/9/2020,1.57,361
3/9/2020,1.62,299
2/9/2020,1.57,272
1/9/2020,1.39,86
31/08/2020,1.39,216
30/08/2020,1.02,1
29/08/2020,1.02,210
28/08/2020,1.00,264
27/08/2020,1.00,309
26/08/2020,1.02,281
25/08/2020,1.16,377
24/08/2020,1.20,135
23/08/2020,1.57,3
22/08/2020,1.57,361
21/08/2020,1.57,440
20/08/2020,1.57,364
19/08/2020,1.62,277
18/08/2020,1.76,392
17/08/2020,1.94,161
16/08/2020,2.13,18
15/08/2020,2.13,242
14/08/2020,1.94,265
13/08/2020,1.94,296
12/8/2020,1.94,273
11/8/2020,1.94,428
10/8/2020,1.94,165
9/8/2020,1.94,169
8/8/2020,1.94,165
7/8/2020,1.76,199
6/8/2020,1.76,342
5/8/2020,1.94,241
4/8/2020,1.94,317
3/8/2020,1.94,98
2/8/2020,1.67,148
1/8/2020,1.67,255
31/07/2020,1.71,279
30/07/2020,1.71,321
29/07/2020,1.94,171
28/07/2020,1.71,338
27/07/2020,1.71,162
26/07/2020,1.94,234
25/07/2020,1.94,258
24/07/2020,1.94,253
23/07/2020,2.08,200
22/07/2020,2.08,178
21/07/2020,2.08,422
20/07/2020,2.08,141
19/07/2020,1.99,92
18/07/2020,1.99,222
17/07/2020,1.99,204
16/07/2020,2.08,316
15/07/2020,2.45,273
14/07/2020,2.64,403
13/07/2020,2.41,64
12/7/2020,1.39,37
11/7/2020,1.39,212
10/7/2020,1.90,315
9/7/2020,2.08,308
8/7/2020,2.78,318
7/7/2020,2.87,474
6/7/2020,3.01,130
5/7/2020,2.59,61
4/7/2020,2.59,248
3/7/2020,2.41,263
2/7/2020,2.41,304
1/7/2020,2.41,293
30/06/2020,2.31,271
29/06/2020,1.71,78
28/06/2020,1.99,4
27/06/2020,1.99,241
26/06/2020,2.31,355
25/06/2020,2.31,385
24/06/2020,2.36,263
23/06/2020,2.36,315
22/06/2020,2.45,130
21/06/2020,2.13,2
20/06/2020,2.31,285
19/06/2020,2.31,290
18/06/2020,2.50,407
17/06/2020,2.69,290
16/06/2020,2.69,292
15/06/2020,2.41,125
14/06/2020,2.50,2
13/06/2020,2.50,321
12/6/2020,2.87,195
11/6/2020,2.82,301
10/6/2020,2.78,272
9/6/2020,2.82,439
8/6/2020,3.19,160
7/6/2020,3.47,10
6/6/2020,3.47,297
5/6/2020,3.47,339
4/6/2020,3.61,325
3/6/2020,3.98,320
2/6/2020,4.21,399
1/6/2020,4.35,106
31/05/2020,4.35,7
30/05/2020,4.35,29
29/05/2020,4.35,148
28/05/2020,4.17,232
27/05/2020,4.26,224
26/05/2020,4.26,363
25/05/2020,4.26,39
24/05/2020,4.17,9
23/05/2020,4.17,68
22/05/2020,3.80,169
21/05/2020,3.89,348
20/05/2020,4.26,281
19/05/2020,4.26,348
18/05/2020,4.26,98
17/05/2020,4.26,3
16/05/2020,4.26,281
15/05/2020,4.31,244
14/05/2020,4.26,337
13/05/2020,4.26,307
12/5/2020,4.17,348
11/5/2020,3.98,35
10/5/2020,3.98,4
9/5/2020,3.98,269
8/5/2020,4.26,371
7/5/2020,3.89,178
6/5/2020,3.89,332
5/5/2020,3.89,333
4/5/2020,3.89,66
3/5/2020,4.26,11
2/5/2020,4.26,235
1/5/2020,4.17,285
30/04/2020,3.89,225
29/04/2020,3.19,246
28/04/2020,3.06,328
27/04/2020,2.87,54
26/04/2020,2.87,38
25/04/2020,2.87,316
24/04/2020,2.50,307
23/04/2020,2.69,302
22/04/2020,2.69,323
21/04/2020,2.69,382
20/04/2020,2.69,116
19/04/2020,3.06,59
18/04/2020,3.06,393
17/04/2020,3.06,323
16/04/2020,3.15,341
15/04/2020,3.24,506
14/04/2020,3.43,443
13/04/2020,3.43,213
12/4/2020,3.24,115
11/4/2020,3.24,395
10/4/2020,3.24,...
9/4/2020,3.24,84
8/4/2020,3.24,498
7/4/2020,3.24,384
6/4/2020,2.45,49
5/4/2020,2.31,14
4/4/2020,2.31,340
3/4/2020,2.50,357
2/4/2020,2.50,269
1/4/2020,2.50,221
31/03/2020,2.69,433
30/03/2020,2.50,170
29/03/2020,2.50,221
28/03/2020,2.22,307
27/03/2020,2.08,333
26/03/2020,2.08,254
25/03/2020,1.71,207
24/03/2020,1.90,425
23/03/2020,2.36,150
22/03/2020,2.36,252
21/03/2020,2.45,404
20/03/2020,2.78,422
19/03/2020,3.19,316
18/03/2020,2.87,290
17/03/2020,2.08,405
16/03/2020,2.27,106
15/03/2020,1.99,307
14/03/2020,1.71,352
13/03/2020,1.71,354
12/3/2020,1.90,331
11/3/2020,1.90,326
10/3/2020,2.08,306
9/3/2020,2.06,119
8/3/2020,2.14,350
7/3/2020,2.22,345
6/3/2020,2.08,396
5/3/2020,2.36,247
4/3/2020,2.08,244
3/3/2020,2.41,366
2/3/2020,2.22,171
1/3/2020,1.85,217
29/02/2020,1.48,254
28/02/2020,1.53,243
27/02/2020,1.71,247
26/02/2020,1.71,244
25/02/2020,1.53,419
24/02/2020,1.48,162
23/02/2020,1.50,298
22/02/2020,1.53,403
21/02/2020,1.48,425
20/02/2020,1.53,365
19/02/2020,1.90,301
18/02/2020,2.04,372
17/02/2020,1.86,125
16/02/2020,1.93,261
15/02/2020,1.99,345
14/02/2020,2.04,311
13/02/2020,1.71,301
12/2/2020,1.90,165
11/2/2020,1.79,499
10/2/2020,2.36,181
9/2/2020,2.15,179
8/2/2020,1.94,249
7/2/2020,2.16,287
6/2/2020,1.87,286
5/2/2020,1.90,203
4/2/2020,1.71,373
3/2/2020,1.76,66
2/2/2020,1.53,278
1/2/2020,1.30,364
31/01/2020,1.53,391
30/01/2020,1.44,359
29/01/2020,1.34,313
28/01/2020,1.44,423
27/01/2020,1.53,41
26/01/2020,1.57,309
25/01/2020,1.62,357
24/01/2020,1.57,328
23/01/2020,1.53,258
22/01/2020,1.53,332
21/01/2020,1.57,409
20/01/2020,1.25,70
19/01/2020,1.23,206
18/01/2020,1.20,250
17/01/2020,1.20,321
16/01/2020,1.25,277
15/01/2020,1.34,279
14/01/2020,1.39,297
13/01/2020,1.39,84
12/1/2020,1.48,259
11/1/2020,1.57,362
10/1/2020,1.53,375
9/1/2020,1.57,278
8/1/2020,1.71,322
7/1/2020,1.81,404
6/1/2020,1.76,154
5/1/2020,1.64,278
4/1/2020,1.53,332
3/1/2020,1.57,332
2/1/2020,1.74,99
1/1/2020,1.76,31
31/12/2019,1.74,387
30/12/2019,1.81,337
29/12/2019,1.88,288
28/12/2019,1.94,372
27/12/2019,1.97,329
26/12/2019,1.76,155
25/12/2019,2.13,33
24/12/2019,2.11,264
23/12/2019,1.53,174
22/12/2019,1.62,240
21/12/2019,1.71,290
20/12/2019,1.67,304
19/12/2019,1.68,328
18/12/2019,1.67,213
17/12/2019,1.32,261
16/12/2019,1.25,101
15/12/2019,1.18,234
14/12/2019,1.11,310
13/12/2019,1.11,288
12/12/2019,1.30,285
11/12/2019,1.34,261
10/12/2019,1.57,412
9/12/2019,1.39,106
8/12/2019,1.67,280
7/12/2019,1.94,362
6/12/2019,1.99,376
5/12/2019,1.94,289
4/12/2019,1.76,263
3/12/2019,1.94,349
2/12/2019,1.94,131
1/12/2019,1.85,222
30/11/2019,1.76,330
29/11/2019,1.94,255
28/11/2019,2.13,286
27/11/2019,1.90,265
26/11/2019,1.99,416
25/11/2019,1.94,106
24/11/2019,1.78,245
23/11/2019,1.62,254
22/11/2019,1.57,305
21/11/2019,1.81,271
20/11/2019,1.71,226
19/11/2019,1.76,395
18/11/2019,1.44,117
17/11/2019,1.41,238
16/11/2019,1.39,228
15/11/2019,1.39,254
14/11/2019,1.57,256
13/11/2019,1.53,294
12/11/2019,1.57,374
11/11/2019,1.57,105
10/11/2019,1.67,207
9/11/2019,1.76,280
8/11/2019,1.94,457
7/11/2019,1.90,281
6/11/2019,1.94,288
5/11/2019,1.99,334
4/11/2019,1.94,94
3/11/2019,1.94,200
2/11/2019,1.94,222
1/11/2019,1.94,281
31/10/2019,1.99,273
30/10/2019,1.94,213
29/10/2019,1.99,269
28/10/2019,1.94,76
27/10/2019,1.94,224
26/10/2019,1.94,326
25/10/2019,1.90,308
24/10/2019,1.94,299
23/10/2019,2.13,261
22/10/2019,2.16,414
21/10/2019,2.13,131
20/10/2019,2.13,183
19/10/2019,2.13,304
18/10/2019,2.50,271
17/10/2019,2.36,213
16/10/2019,2.31,214
15/10/2019,2.27,286
14/10/2019,1.94,38
13/10/2019,1.85,154
12/10/2019,1.76,294
11/10/2019,1.94,245
10/10/2019,2.27,246
9/10/2019,2.13,181
8/10/2019,2.08,324
7/10/2019,2.13,106
6/10/2019,2.20,198
5/10/2019,2.27,318
4/10/2019,2.31,341
3/10/2019,2.48,305
2/10/2019,2.31,208
1/10/2019,2.31,288
30/09/2019,2.45,80
29/09/2019,2.29,211
28/09/2019,2.13,256
27/09/2019,2.13,277
26/09/2019,1.76,312
25/09/2019,1.90,233
24/09/2019,1.53,285
23/09/2019,1.57,51
22/09/2019,1.48,134
21/09/2019,1.39,275
20/09/2019,1.39,326
19/09/2019,1.57,426
18/09/2019,1.39,197
17/09/2019,1.57,353
16/09/2019,1.39,73
15/09/2019,1.30,222
14/09/2019,1.20,251
13/09/2019,1.20,296
12/9/2019,1.18,211
11/9/2019,1.02,159
10/9/2019,1.02,246
9/9/2019,0.94,86
8/9/2019,0.98,241
7/9/2019,1.02,332
6/9/2019,1.06,417
5/9/2019,1.12,343
4/9/2019,1.05,259
3/9/2019,1.02,290
2/9/2019,1.06,87
1/9/2019,1.22,130
31/08/2019,1.37,197
30/08/2019,1.39,343
29/08/2019,1.39,371
28/08/2019,1.31,280
27/08/2019,1.20,263
26/08/2019,1.34,115
25/08/2019,1.36,204
24/08/2019,1.37,370
23/08/2019,1.37,380
22/08/2019,1.39,282
21/08/2019,1.37,143
20/08/2019,1.33,371
19/08/2019,1.20,128
18/08/2019,1.27,198
17/08/2019,1.34,271
16/08/2019,1.39,369
15/08/2019,1.20,280
14/08/2019,1.02,184
13/08/2019,1.02,354
12/8/2019,1.05,189
11/8/2019,1.13,188
10/8/2019,1.20,319
9/8/2019,1.37,301
8/8/2019,1.39,304
7/8/2019,1.20,141
6/8/2019,1.31,304
5/8/2019,1.20,72
4/8/2019,1.19,175
3/8/2019,1.19,251
2/8/2019,1.23,276
1/8/2019,1.20,362
31/07/2019,1.20,166
30/07/2019,1.33,341
29/07/2019,1.29,33
28/07/2019,1.25,115
27/07/2019,1.20,258
26/07/2019,1.20,378
25/07/2019,1.23,381
24/07/2019,1.20,211
23/07/2019,1.20,338
22/07/2019,1.20,62
21/07/2019,1.21,174
20/07/2019,1.22,280
19/07/2019,1.25,296
18/07/2019,1.20,301
17/07/2019,1.19,349
16/07/2019,1.20,420
15/07/2019,1.20,71
14/07/2019,1.19,116
13/07/2019,1.19,227
12/7/2019,1.23,309
11/7/2019,1.23,393
10/7/2019,1.23,183
9/7/2019,1.23,333
8/7/2019,1.21,37
7/7/2019,1.22,95
6/7/2019,1.23,159
5/7/2019,1.31,415
4/7/2019,1.37,378
3/7/2019,1.31,221
2/7/2019,1.20,367
1/7/2019,1.00,68
30/06/2019,1.00,141
29/06/2019,1.00,278
28/06/2019,1.05,249
27/06/2019,1.00,308
26/06/2019,1.02,203
25/06/2019,1.05,399
24/06/2019,1.02,63
23/06/2019,1.03,214
22/06/2019,1.05,273
21/06/2019,1.12,358
20/06/2019,1.16,406
19/06/2019,1.18,258
18/06/2019,1.05,288
17/06/2019,1.02,37
16/06/2019,1.03,180
15/06/2019,1.05,339
14/06/2019,1.16,334
13/06/2019,1.06,355
12/6/2019,1.34,212
11/6/2019,1.31,351
10/6/2019,1.20,140
9/6/2019,1.27,272
8/6/2019,1.33,351
7/6/2019,1.39,330
6/6/2019,1.37,242
5/6/2019,1.18,161
4/6/2019,1.20,418
3/6/2019,1.19,56
2/6/2019,1.19,60
1/6/2019,1.20,127
31/05/2019,1.20,355
30/05/2019,1.19,269
29/05/2019,1.16,268
28/05/2019,1.20,323
27/05/2019,1.39,159
26/05/2019,1.39,223
25/05/2019,1.39,221
24/05/2019,1.05,278
23/05/2019,1.02,291
22/05/2019,1.23,214
21/05/2019,1.20,372
20/05/2019,1.20,108
19/05/2019,1.19,175
18/05/2019,1.19,325
17/05/2019,1.20,278
16/05/2019,1.23,301
15/05/2019,1.20,251
14/05/2019,1.19,341
13/05/2019,1.11,21
12/5/2019,1.16,106
11/5/2019,1.20,255
10/5/2019,1.16,291
9/5/2019,1.20,320
8/5/2019,0.97,286
7/5/2019,1.02,382
6/5/2019,0.83,79
5/5/2019,0.83,187
4/5/2019,0.83,249
3/5/2019,0.88,293
2/5/2019,0.83,237
1/5/2019,1.02,253
30/04/2019,1.02,390
29/04/2019,1.20,167
28/04/2019,1.30,320
27/04/2019,1.39,376
26/04/2019,1.20,280
25/04/2019,1.20,281
24/04/2019,1.56,295
23/04/2019,1.57,472
22/04/2019,1.57,149
21/04/2019,1.67,9
20/04/2019,1.76,42
19/04/2019,1.57,57
18/04/2019,1.57,127
17/04/2019,1.76,388
16/04/2019,1.76,397
15/04/2019,1.94,118
14/04/2019,1.74,178
13/04/2019,1.53,34
12/4/2019,1.57,317
11/4/2019,1.57,231
10/4/2019,1.56,259
9/4/2019,1.44,479
8/4/2019,1.57,85
7/4/2019,1.57,48
6/4/2019,1.57,66
5/4/2019,1.53,419
4/4/2019,1.57,342
3/4/2019,1.56,272
2/4/2019,1.60,461
1/4/2019,1.57,157
31/03/2019,1.76,278
30/03/2019,1.94,341
29/03/2019,1.90,313
28/03/2019,1.94,296
27/03/2019,1.94,312
26/03/2019,1.94,333
25/03/2019,1.76,90
24/03/2019,1.67,235
23/03/2019,1.57,314
22/03/2019,1.76,351
21/03/2019,1.57,328
20/03/2019,1.57,289
19/03/2019,1.94,384
18/03/2019,1.76,111
17/03/2019,1.85,315
16/03/2019,1.94,302
15/03/2019,1.94,246
14/03/2019,1.94,250
13/03/2019,1.90,246
12/3/2019,1.94,353
11/3/2019,1.76,89
10/3/2019,1.76,247
9/3/2019,1.76,306
8/3/2019,1.76,261
7/3/2019,1.71,240
6/3/2019,1.48,218
5/3/2019,1.39,361
4/3/2019,1.57,103
3/3/2019,1.57,227
2/3/2019,1.57,215
1/3/2019,1.39,363
28/02/2019,1.57,337
27/02/2019,1.57,328
26/02/2019,1.90,396
25/02/2019,1.71,93
24/02/2019,1.71,252
23/02/2019,1.71,308
22/02/2019,1.76,347
21/02/2019,1.76,238
20/02/2019,1.94,244
19/02/2019,2.13,380
18/02/2019,1.76,127
17/02/2019,1.85,220
16/02/2019,1.94,233
15/02/2019,1.94,303
14/02/2019,1.94,139
13/02/2019,2.31,271
12/2/2019,2.31,448
11/2/2019,2.27,129
10/2/2019,2.20,246
9/2/2019,2.13,280
8/2/2019,2.13,317
7/2/2019,2.11,248
6/2/2019,2.13,268
5/2/2019,2.11,436
4/2/2019,2.13,69
3/2/2019,2.04,208
2/2/2019,1.94,300
1/2/2019,2.22,310
31/01/2019,2.22,308
30/01/2019,2.13,218
29/01/2019,2.31,397
28/01/2019,2.13,76
27/01/2019,1.85,178
26/01/2019,1.57,252
25/01/2019,1.57,240
24/01/2019,1.53,245
23/01/2019,1.48,236
22/01/2019,1.48,383
21/01/2019,1.48,68
20/01/2019,1.43,248
19/01/2019,1.37,304
18/01/2019,1.39,238
17/01/2019,1.37,306
16/01/2019,1.29,210
15/01/2019,1.19,319
14/01/2019,1.18,43
13/01/2019,1.17,231
12/1/2019,1.16,387
11/1/2019,1.19,208
10/1/2019,1.20,309
9/1/2019,1.20,325
8/1/2019,1.20,420
7/1/2019,1.16,125
6/1/2019,1.20,302
5/1/2019,1.25,350
4/1/2019,1.25,343
3/1/2019,1.20,367
2/1/2019,1.20,124
1/1/2019,1.30,...
31/12/2018,1.39,237
30/12/2018,1.39,...
29/12/2018,1.39,123
28/12/2018,1.53,394
27/12/2018,1.44,309
26/12/2018,1.44,31
25/12/2018,1.50,...
24/12/2018,1.57,193
23/12/2018,1.55,291
22/12/2018,1.53,224
21/12/2018,1.34,269
20/12/2018,1.16,295
19/12/2018,1.23,318
18/12/2018,1.23,359
17/12/2018,1.19,32
16/12/2018,1.19,215
15/12/2018,1.20,298
14/12/2018,1.20,275
13/12/2018,1.39,274
12/12/2018,1.39,376
11/12/2018,1.39,434
10/12/2018,1.53,48
9/12/2018,1.55,273
8/12/2018,1.57,368
7/12/2018,1.57,334
6/12/2018,1.57,370
5/12/2018,1.67,370
4/12/2018,1.76,393
3/12/2018,1.57,89
2/12/2018,1.57,181
1/12/2018,1.57,356
30/11/2018,1.57,308
29/11/2018,1.76,339
28/11/2018,1.76,281
27/11/2018,1.93,434
26/11/2018,1.85,113
25/11/2018,1.85,258
24/11/2018,1.85,342
23/11/2018,2.05,322
22/11/2018,2.05,269
21/11/2018,1.94,231
20/11/2018,2.04,388
19/11/2018,1.94,64
18/11/2018,1.90,218
17/11/2018,1.85,276
16/11/2018,1.85,269
15/11/2018,1.94,251
14/11/2018,2.11,261
13/11/2018,1.94,386
12/11/2018,2.04,106
11/11/2018,2.06,259
10/11/2018,2.08,360
9/11/2018,2.31,268
8/11/2018,2.13,290
7/11/2018,2.34,234
6/11/2018,2.50,342
5/11/2018,2.50,91
4/11/2018,2.29,262
3/11/2018,2.08,321
2/11/2018,2.27,377
1/11/2018,2.22,237
31/10/2018,2.27,255
30/10/2018,2.08,266
29/10/2018,2.08,89
28/10/2018,2.18,274
27/10/2018,2.27,252
26/10/2018,2.31,301
25/10/2018,2.31,280
24/10/2018,2.13,215
23/10/2018,2.31,365
22/10/2018,1.99,61
21/10/2018,1.92,161
20/10/2018,1.85,272
19/10/2018,1.99,305
18/10/2018,2.11,269
17/10/2018,2.20,290
16/10/2018,2.20,360
15/10/2018,1.93,62
14/10/2018,1.94,202
13/10/2018,1.94,243
12/10/2018,2.08,303
11/10/2018,2.45,332
10/10/2018,2.41,319
9/10/2018,2.64,290
8/10/2018,2.36,17
7/10/2018,2.41,134
6/10/2018,2.45,236
5/10/2018,2.45,369
4/10/2018,2.36,287
3/10/2018,2.55,228
2/10/2018,2.50,306
1/10/2018,2.41,37
30/09/2018,2.41,194
29/09/2018,2.41,256
28/09/2018,2.41,281
27/09/2018,2.36,239
26/09/2018,2.36,217
25/09/2018,2.45,306
24/09/2018,2.59,52
23/09/2018,2.50,174
22/09/2018,2.41,264
21/09/2018,2.41,301
20/09/2018,2.69,366
19/09/2018,2.73,196
18/09/2018,2.82,268
17/09/2018,2.87,45
16/09/2018,2.94,173
15/09/2018,3.01,243
14/09/2018,3.06,280
13/09/2018,2.82,230
12/9/2018,2.78,145
11/9/2018,2.59,266
10/9/2018,2.41,72
9/9/2018,2.55,196
8/9/2018,2.69,262
7/9/2018,2.69,309
6/9/2018,2.50,295
5/9/2018,2.13,134
4/9/2018,1.94,250
3/9/2018,1.94,84
2/9/2018,1.85,199
1/9/2018,1.76,285
31/08/2018,1.94,102
30/08/2018,1.76,139
29/08/2018,1.71,177
28/08/2018,1.76,359
27/08/2018,2.31,98
26/08/2018,2.31,126
25/08/2018,2.31,129
24/08/2018,2.30,313
23/08/2018,2.34,343
22/08/2018,2.31,128
21/08/2018,2.30,232
20/08/2018,2.27,104
19/08/2018,2.28,204
18/08/2018,2.29,292
17/08/2018,2.31,237
16/08/2018,2.50,193
15/08/2018,2.48,188
14/08/2018,2.53,284
13/08/2018,2.71,125
12/8/2018,2.69,157
11/8/2018,2.67,246
10/8/2018,2.69,303
9/8/2018,2.82,248
8/8/2018,2.69,143
7/8/2018,2.66,262
6/8/2018,2.50,53
5/8/2018,2.49,154
4/8/2018,2.48,222
3/8/2018,2.48,252
2/8/2018,2.34,247
1/8/2018,2.30,177
31/07/2018,2.31,263
30/07/2018,2.50,69
29/07/2018,2.40,65
28/07/2018,2.30,177
27/07/2018,2.36,308
26/07/2018,2.48,230
25/07/2018,2.48,198
24/07/2018,2.53,271
23/07/2018,2.48,54
22/07/2018,2.40,120
21/07/2018,2.31,147
20/07/2018,2.34,313
19/07/2018,2.48,254
18/07/2018,2.50,205
17/07/2018,2.53,302
16/07/2018,2.48,85
15/07/2018,2.40,132
14/07/2018,2.31,177
13/07/2018,2.30,229
12/7/2018,2.30,248
11/7/2018,2.34,120
10/7/2018,2.30,310
9/7/2018,2.18,52
8/7/2018,2.22,106
7/7/2018,2.27,153
6/7/2018,2.30,264
5/7/2018,2.30,345
4/7/2018,2.36,183
3/7/2018,2.34,304
2/7/2018,2.30,85
1/7/2018,2.11,108
30/06/2018,1.93,225
29/06/2018,1.94,259
28/06/2018,1.93,310
27/06/2018,1.74,97
26/06/2018,1.74,279
25/06/2018,1.76,103
24/06/2018,1.60,129
23/06/2018,1.44,219
22/06/2018,1.44,232
21/06/2018,1.57,358
20/06/2018,1.53,148
19/06/2018,1.53,285
18/06/2018,1.57,95
17/06/2018,1.57,118
16/06/2018,1.57,244
15/06/2018,1.62,281
14/06/2018,1.60,273
13/06/2018,1.55,199
12/6/2018,1.55,278
11/6/2018,1.57,95
10/6/2018,1.66,127
9/6/2018,1.74,201
8/6/2018,1.74,373
7/6/2018,1.79,356
6/6/2018,1.90,201
5/6/2018,1.90,301
4/6/2018,1.71,105
3/6/2018,1.71,174
2/6/2018,1.71,220
1/6/2018,1.74,219
31/05/2018,1.79,323
30/05/2018,1.76,235
29/05/2018,1.94,377
28/05/2018,2.18,79
27/05/2018,2.17,103
26/05/2018,2.16,271
25/05/2018,2.16,260
24/05/2018,2.16,224
23/05/2018,2.13,191
22/05/2018,1.97,306
21/05/2018,1.94,59
20/05/2018,1.94,220
19/05/2018,1.93,267
18/05/2018,1.90,300
17/05/2018,1.93,282
16/05/2018,1.99,244
15/05/2018,2.09,286
14/05/2018,1.97,72
13/05/2018,1.88,137
12/5/2018,1.79,278
11/5/2018,1.92,220
10/5/2018,1.92,280
9/5/2018,1.71,190
8/5/2018,1.74,340
7/5/2018,1.79,102
6/5/2018,1.69,214
5/5/2018,1.60,276
4/5/2018,1.76,252
3/5/2018,1.74,237
2/5/2018,1.74,268
1/5/2018,1.79,364
30/04/2018,1.76,143
29/04/2018,1.88,225
28/04/2018,1.99,298
27/04/2018,1.99,324
26/04/2018,2.11,315
25/04/2018,2.27,173
24/04/2018,2.29,365
23/04/2018,2.13,32
22/04/2018,1.94,74
21/04/2018,1.74,192
20/04/2018,1.76,284
19/04/2018,1.79,298
18/04/2018,1.76,313
17/04/2018,1.79,334
16/04/2018,1.94,73
15/04/2018,1.93,210
14/04/2018,1.92,351
13/04/2018,1.92,253
12/4/2018,1.81,306
11/4/2018,1.79,229
10/4/2018,1.76,352
9/4/2018,1.79,62
8/4/2018,1.76,152
7/4/2018,1.74,321
6/4/2018,1.79,271
5/4/2018,1.79,261
4/4/2018,1.71,175
3/4/2018,1.74,411
2/4/2018,1.79,203
1/4/2018,1.79,266
31/03/2018,1.79,261
30/03/2018,1.72,138
29/03/2018,1.76,287
28/03/2018,1.74,203
27/03/2018,1.79,357
26/03/2018,1.76,101
25/03/2018,1.84,200
24/03/2018,1.92,308
23/03/2018,1.92,322
22/03/2018,1.74,264
21/03/2018,1.92,236
20/03/2018,1.93,390
19/03/2018,1.94,116
18/03/2018,1.94,161
17/03/2018,1.93,254
16/03/2018,1.94,324
15/03/2018,1.94,296
14/03/2018,1.93,181
13/03/2018,1.97,427
12/3/2018,1.93,106
11/3/2018,1.86,166
10/3/2018,1.79,231
9/3/2018,1.76,241
8/3/2018,1.79,237
7/3/2018,1.76,249
6/3/2018,1.94,399
5/3/2018,1.93,84
4/3/2018,1.74,180
3/3/2018,1.56,209
2/3/2018,1.60,312
1/3/2018,1.79,340
28/02/2018,1.93,202
27/02/2018,1.99,337
26/02/2018,1.94,88
25/02/2018,1.60,215
24/02/2018,1.25,227
23/02/2018,1.25,262
22/02/2018,1.23,225
21/02/2018,1.19,235
20/02/2018,1.25,409
19/02/2018,1.23,78
18/02/2018,1.22,195
17/02/2018,1.20,283
16/02/2018,1.19,267
15/02/2018,1.23,314
14/02/2018,1.19,281
13/02/2018,1.35,382
12/2/2018,1.23,110
11/2/2018,1.22,195
10/2/2018,1.21,259
9/2/2018,1.19,257
8/2/2018,1.19,267
7/2/2018,1.20,196
6/2/2018,1.20,353
5/2/2018,1.19,50
4/2/2018,1.19,195
3/2/2018,1.19,256
2/2/2018,1.20,210
1/2/2018,1.18,252
31/01/2018,1.18,273
30/01/2018,1.05,386
29/01/2018,1.00,68
28/01/2018,1.02,141
27/01/2018,1.05,255
26/01/2018,1.05,254
25/01/2018,1.05,270
24/01/2018,1.19,241
23/01/2018,1.19,312
22/01/2018,1.18,110
21/01/2018,1.11,233
20/01/2018,1.05,298
19/01/2018,1.02,289
18/01/2018,1.20,264
17/01/2018,1.18,306
16/01/2018,1.21,361
15/01/2018,1.18,53
14/01/2018,1.18,265
13/01/2018,1.18,246
12/1/2018,1.05,250
11/1/2018,1.00,260
10/1/2018,1.00,350
9/1/2018,1.05,401
8/1/2018,1.02,122
7/1/2018,1.01,271
6/1/2018,1.00,291
5/1/2018,1.00,260
4/1/2018,0.83,287
3/1/2018,0.83,219
2/1/2018,0.87,43
1/1/2018,0.85,...
31/12/2017,0.84,201
30/12/2017,0.83,374
29/12/2017,0.87,299
28/12/2017,0.98,415
27/12/2017,1.05,331
26/12/2017,1.02,177
25/12/2017,1.00,...
24/12/2017,0.99,164
23/12/2017,0.98,250
22/12/2017,0.98,213
21/12/2017,1.02,333
20/12/2017,0.97,263
19/12/2017,0.97,428
18/12/2017,0.88,76
17/12/2017,0.87,183
16/12/2017,0.85,281
15/12/2017,0.88,315
14/12/2017,0.97,264
13/12/2017,0.88,264
12/12/2017,0.88,358
11/12/2017,0.97,65
10/12/2017,0.99,231
9/12/2017,1.00,356
8/12/2017,1.02,279
7/12/2017,1.05,271
6/12/2017,1.17,274
5/12/2017,1.18,387
4/12/2017,1.02,132
3/12/2017,1.03,154
2/12/2017,1.05,262
1/12/2017,1.20,266
30/11/2017,1.23,248
29/11/2017,1.42,287
28/11/2017,1.57,397
27/11/2017,1.77,79
26/11/2017,1.75,215
25/11/2017,1.74,319
24/11/2017,1.74,304
23/11/2017,1.79,255
22/11/2017,1.94,247
21/11/2017,1.92,343
20/11/2017,1.74,23
19/11/2017,1.76,160
18/11/2017,1.79,280
17/11/2017,1.79,315
16/11/2017,1.79,247
15/11/2017,1.97,221
14/11/2017,1.94,290
13/11/2017,1.79,51
12/11/2017,1.77,161
11/11/2017,1.76,172
10/11/2017,1.74,239
9/11/2017,1.79,245
8/11/2017,1.93,191
7/11/2017,1.93,262
6/11/2017,1.74,37
5/11/2017,1.75,181
4/11/2017,1.76,236
3/11/2017,1.81,257
2/11/2017,1.93,242
1/11/2017,1.93,222
31/10/2017,1.97,235
30/10/2017,1.94,79
29/10/2017,1.96,203
28/10/2017,1.97,252
27/10/2017,1.94,241
26/10/2017,1.92,321
25/10/2017,1.71,183
24/10/2017,1.74,297
23/10/2017,1.74,73
22/10/2017,1.76,48
21/10/2017,1.79,311
20/10/2017,1.93,325
19/10/2017,1.94,325
18/10/2017,1.90,197
17/10/2017,1.92,285
16/10/2017,1.79,62
15/10/2017,1.77,133
14/10/2017,1.76,206
13/10/2017,1.97,276
12/10/2017,2.14,277
11/10/2017,2.11,175
10/10/2017,2.06,238
9/10/2017,2.13,104
8/10/2017,2.22,180
7/10/2017,2.31,259
6/10/2017,2.30,300
5/10/2017,2.34,306
4/10/2017,2.31,149
3/10/2017,2.31,244
2/10/2017,1.94,34
1/10/2017,2.04,137
30/09/2017,2.13,258
29/09/2017,1.94,184
28/09/2017,1.93,284
27/09/2017,2.05,179
26/09/2017,2.11,236
25/09/2017,2.13,77
24/09/2017,1.94,109
23/09/2017,1.76,273
22/09/2017,1.94,230
21/09/2017,1.76,238
20/09/2017,1.77,173
19/09/2017,1.57,271
18/09/2017,1.42,55
17/09/2017,1.42,95
16/09/2017,1.42,307
15/09/2017,1.39,218
14/09/2017,1.42,251
13/09/2017,1.42,127
12/9/2017,1.57,292
11/9/2017,1.57,100
10/9/2017,1.41,123
9/9/2017,1.24,284
8/9/2017,1.36,338
7/9/2017,1.37,309
6/9/2017,1.39,206
5/9/2017,1.42,355
4/9/2017,1.39,72
3/9/2017,1.38,146
2/9/2017,1.37,229
1/9/2017,1.42,269
31/08/2017,1.56,267
30/08/2017,1.57,149
29/08/2017,1.53,333
28/08/2017,1.56,108
27/08/2017,1.58,151
26/08/2017,1.61,235
25/08/2017,1.60,291
24/08/2017,1.60,222
23/08/2017,1.74,221
22/08/2017,1.77,366
21/08/2017,1.72,54
20/08/2017,1.67,139
19/08/2017,1.62,263
18/08/2017,1.60,235
17/08/2017,1.57,299
16/08/2017,1.56,167
15/08/2017,1.60,301
14/08/2017,1.62,91
13/08/2017,1.67,105
12/8/2017,1.72,254
11/8/2017,1.60,243
10/8/2017,1.60,287
9/8/2017,1.62,183
8/8/2017,1.74,317
7/8/2017,1.60,101
6/8/2017,1.68,157
5/8/2017,1.76,284
4/8/2017,1.79,255
3/8/2017,1.79,353
2/8/2017,1.94,272
1/8/2017,1.94,263
31/07/2017,1.93,77
30/07/2017,1.94,69
29/07/2017,1.94,122
28/07/2017,1.92,223
27/07/2017,1.94,291
26/07/2017,1.97,192
25/07/2017,2.13,426
24/07/2017,2.11,81
23/07/2017,2.11,141
22/07/2017,2.11,242
21/07/2017,2.09,263
20/07/2017,1.79,203
19/07/2017,1.92,105
18/07/2017,1.92,308
17/07/2017,1.74,70
16/07/2017,1.74,185
15/07/2017,1.74,211
14/07/2017,1.74,290
13/07/2017,1.74,281
12/7/2017,1.74,184
11/7/2017,1.79,327
10/7/2017,1.76,79
9/7/2017,1.84,95
8/7/2017,1.93,284
7/7/2017,1.97,346
6/7/2017,1.97,220
5/7/2017,1.93,217
4/7/2017,1.96,284
3/7/2017,1.94,78
2/7/2017,1.88,149
1/7/2017,1.83,302
30/06/2017,1.99,318
29/06/2017,2.09,263
28/06/2017,1.98,144
27/06/2017,2.09,263
26/06/2017,1.96,20
25/06/2017,1.94,133
24/06/2017,1.92,224
23/06/2017,1.92,312
22/06/2017,1.93,298
21/06/2017,1.94,179
20/06/2017,2.11,252
19/06/2017,1.97,70
18/06/2017,1.95,149
17/06/2017,1.93,225
16/06/2017,1.92,289
15/06/2017,1.93,334
14/06/2017,1.94,226
13/06/2017,1.92,312
12/6/2017,1.74,31
11/6/2017,1.76,109
10/6/2017,1.79,294
9/6/2017,1.79,352
8/6/2017,1.74,274
7/6/2017,1.76,126
6/6/2017,1.79,365
5/6/2017,1.74,74
4/6/2017,1.75,216
3/6/2017,1.77,396
2/6/2017,1.77,271
1/6/2017,1.74,250
31/05/2017,1.79,165
30/05/2017,1.92,345
29/05/2017,1.79,50
28/05/2017,1.76,123
27/05/2017,1.74,251
26/05/2017,1.76,259
25/05/2017,1.97,234
24/05/2017,1.94,167
23/05/2017,1.94,311
22/05/2017,1.76,64
21/05/2017,1.85,121
20/05/2017,1.94,246
19/05/2017,2.29,453
18/05/2017,2.66,317
17/05/2017,2.66,179
16/05/2017,2.70,307
15/05/2017,2.69,36
14/05/2017,2.59,209
13/05/2017,2.50,369
12/5/2017,2.66,232
11/5/2017,2.53,298
10/5/2017,2.70,165
9/5/2017,2.69,296
8/5/2017,2.66,119
7/5/2017,2.57,183
6/5/2017,2.48,231
5/5/2017,2.53,295
4/5/2017,2.50,313
3/5/2017,2.69,202
2/5/2017,2.50,270
1/5/2017,2.31,72
30/04/2017,2.33,178
29/04/2017,2.34,267
28/04/2017,2.34,334
27/04/2017,2.31,324
26/04/2017,2.16,287
25/04/2017,2.13,325
24/04/2017,1.92,61
23/04/2017,1.93,113
22/04/2017,1.94,221
21/04/2017,1.76,213
20/04/2017,1.79,185
19/04/2017,1.74,197
18/04/2017,1.74,407
17/04/2017,1.76,251
16/04/2017,1.85,310
15/04/2017,1.94,225
14/04/2017,2.13,144
13/04/2017,2.11,337
12/4/2017,2.13,297
11/4/2017,2.16,368
10/4/2017,2.11,88
9/4/2017,2.13,211
8/4/2017,1.93,352
7/4/2017,1.97,279
6/4/2017,2.11,264
5/4/2017,2.16,248
4/4/2017,2.29,460
3/4/2017,2.31,134
2/4/2017,2.31,172
1/4/2017,2.50,394
31/03/2017,2.69,271
30/03/2017,2.87,168
29/03/2017,2.87,222
28/03/2017,3.06,463
27/03/2017,3.24,104
26/03/2017,3.24,151
25/03/2017,3.40,278
24/03/2017,3.43,255
23/03/2017,3.43,301
22/03/2017,3.43,351
21/03/2017,3.61,387
20/03/2017,3.61,114
19/03/2017,3.52,125
18/03/2017,3.43,306
17/03/2017,3.61,180
16/03/2017,3.43,217
15/03/2017,3.24,232
14/03/2017,3.24,266
13/03/2017,3.06,73
12/3/2017,2.96,157
11/3/2017,2.87,241
10/3/2017,2.87,223
9/3/2017,3.06,312
8/3/2017,3.06,172
7/3/2017,3.06,354
6/3/2017,2.87,63
5/3/2017,2.87,191
4/3/2017,2.87,260
3/3/2017,2.69,281
2/3/2017,2.50,178
1/3/2017,2.31,184
28/02/2017,2.29,248
27/02/2017,2.13,93
26/02/2017,2.22,171
25/02/2017,2.31,251
24/02/2017,2.16,282
23/02/2017,2.29,252
22/02/2017,2.50,277
21/02/2017,2.53,389
20/02/2017,2.48,95
19/02/2017,2.48,199
18/02/2017,2.48,259
17/02/2017,2.53,365
16/02/2017,2.71,148
15/02/2017,2.71,246
14/02/2017,2.69,407
13/02/2017,2.67,61
12/2/2017,2.68,176
11/2/2017,2.69,242
10/2/2017,2.50,366
9/2/2017,2.53,224
8/2/2017,2.48,219
7/2/2017,2.53,396
6/2/2017,2.53,79
5/2/2017,2.41,166
4/2/2017,2.30,230
3/2/2017,2.16,226
2/2/2017,2.11,292
1/2/2017,2.11,240
31/01/2017,2.11,329
30/01/2017,2.16,36
29/01/2017,2.13,265
28/01/2017,2.11,203
27/01/2017,2.11,277
26/01/2017,2.35,220
25/01/2017,2.34,247
24/01/2017,2.48,269
23/01/2017,2.31,36
22/01/2017,2.24,190
21/01/2017,2.16,212
20/01/2017,2.11,233
19/01/2017,2.11,250
18/01/2017,2.14,222
17/01/2017,2.23,326
16/01/2017,2.16,35
15/01/2017,2.13,197
14/01/2017,2.11,212
13/01/2017,1.97,234
12/1/2017,1.96,261
11/1/2017,1.94,215
10/1/2017,1.96,341
9/1/2017,1.92,30
8/1/2017,1.82,182
7/1/2017,1.73,295
6/1/2017,1.74,189
5/1/2017,1.79,314
4/1/2017,1.93,310
3/1/2017,1.94,354
2/1/2017,1.79,51
1/1/2017,1.88,32
31/12/2016,1.97,288
30/12/2016,1.93,315
29/12/2016,2.11,234
28/12/2016,2.16,307
27/12/2016,2.23,336
26/12/2016,2.11,35
25/12/2016,2.11,9
24/12/2016,2.11,203
23/12/2016,2.11,202
22/12/2016,2.18,238
21/12/2016,2.13,196
20/12/2016,2.16,375
19/12/2016,1.97,50
18/12/2016,1.94,101
17/12/2016,1.92,228
16/12/2016,1.93,300
15/12/2016,1.97,259
14/12/2016,1.94,210
13/12/2016,1.97,337
12/12/2016,1.94,75
11/12/2016,1.87,200
10/12/2016,1.79,229
9/12/2016,1.92,246
8/12/2016,1.73,195
7/12/2016,1.73,187
6/12/2016,1.74,285
5/12/2016,1.56,125
4/12/2016,1.58,223
3/12/2016,1.61,237
2/12/2016,1.74,226
1/12/2016,1.79,257
30/11/2016,1.73,179
29/11/2016,1.74,353
28/11/2016,1.79,73
27/11/2016,1.85,110
26/11/2016,1.92,269
25/11/2016,1.96,294
24/11/2016,1.94,202
23/11/2016,1.97,300
22/11/2016,1.97,298
21/11/2016,1.91,27
20/11/2016,1.93,147
19/11/2016,1.94,296
18/11/2016,1.96,309
17/11/2016,1.94,242
16/11/2016,1.88,218
15/11/2016,1.88,323
14/11/2016,1.79,61
13/11/2016,1.70,175
12/11/2016,1.62,217
11/11/2016,1.59,331
10/11/2016,1.80,227
9/11/2016,1.80,101
8/11/2016,1.80,134
7/11/2016,1.76,62
6/11/2016,1.65,167
5/11/2016,1.55,190
4/11/2016,1.39,253
3/11/2016,1.38,243
2/11/2016,1.34,89
1/11/2016,1.31,229
31/10/2016,1.31,68
30/10/2016,1.27,165
29/10/2016,1.23,263
28/10/2016,1.31,272
27/10/2016,1.28,200
26/10/2016,1.31,264
25/10/2016,1.37,315
24/10/2016,1.33,26
23/10/2016,1.28,161
22/10/2016,1.22,247
21/10/2016,1.27,283
20/10/2016,1.46,336
19/10/2016,1.55,275
18/10/2016,1.55,273
17/10/2016,1.55,39
16/10/2016,1.53,145
15/10/2016,1.51,296
14/10/2016,1.51,208
13/10/2016,1.57,181
12/10/2016,1.45,211
11/10/2016,1.38,207
10/10/2016,1.38,33
9/10/2016,1.35,117
8/10/2016,1.31,229
7/10/2016,1.31,259
6/10/2016,1.43,261
5/10/2016,1.40,222
4/10/2016,1.35,263
3/10/2016,1.31,37
2/10/2016,1.35,171
1/10/2016,1.38,199
30/09/2016,1.42,230
29/09/2016,1.42,210
28/09/2016,1.37,280
27/09/2016,1.37,256
26/09/2016,1.22,43
25/09/2016,1.30,33
24/09/2016,1.38,268
23/09/2016,1.38,300
22/09/2016,1.37,272
21/09/2016,1.37,177
20/09/2016,1.22,238
19/09/2016,0.94,63
18/09/2016,0.97,144
17/09/2016,1.00,202
16/09/2016,0.96,234
15/09/2016,0.94,292
14/09/2016,0.94,217
13/09/2016,1.11,312
12/9/2016,1.02,150
11/9/2016,1.02,205
10/9/2016,1.02,232
9/9/2016,1.05,306
8/9/2016,1.12,197
7/9/2016,1.00,160
6/9/2016,0.94,220
5/9/2016,0.81,78
4/9/2016,0.81,220
3/9/2016,0.81,287
2/9/2016,0.83,315
1/9/2016,0.86,178
31/08/2016,0.94,174
30/08/2016,1.05,326
29/08/2016,1.00,104
28/08/2016,1.01,218
27/08/2016,1.03,215
26/08/2016,1.05,246
25/08/2016,1.03,197
24/08/2016,0.87,151
23/08/2016,0.89,292
22/08/2016,0.98,126
21/08/2016,0.94,164
20/08/2016,0.91,348
19/08/2016,0.84,297
18/08/2016,0.85,210
17/08/2016,0.88,256
16/08/2016,0.89,243
15/08/2016,0.81,99
14/08/2016,0.82,163
13/08/2016,0.83,262
12/8/2016,0.83,268
11/8/2016,0.87,249
10/8/2016,0.91,180
9/8/2016,0.93,303
8/8/2016,0.90,68
7/8/2016,0.85,177
6/8/2016,0.80,258
5/8/2016,0.74,284
4/8/2016,0.76,309
3/8/2016,0.76,172
2/8/2016,0.82,357
1/8/2016,0.76,66
31/07/2016,0.74,193
30/07/2016,0.74,252
29/07/2016,0.74,71
28/07/2016,0.73,143
27/07/2016,0.71,191
26/07/2016,0.71,334
25/07/2016,0.69,75
24/07/2016,0.76,221
23/07/2016,0.87,289
22/07/2016,0.98,343
21/07/2016,1.00,349
20/07/2016,0.99,150
19/07/2016,1.01,305
18/07/2016,0.99,54
17/07/2016,1.00,111
16/07/2016,1.00,188
15/07/2016,1.00,310
14/07/2016,1.03,281
13/07/2016,1.05,192
12/7/2016,1.05,387
11/7/2016,1.00,60
10/7/2016,1.02,169
9/7/2016,1.05,306
8/7/2016,1.18,237
7/7/2016,1.20,276
6/7/2016,1.20,191
5/7/2016,1.34,385
4/7/2016,1.19,39
3/7/2016,1.19,121
2/7/2016,1.19,262
1/7/2016,1.23,270
30/06/2016,1.37,220
29/06/2016,1.42,160
28/06/2016,1.37,347
27/06/2016,1.42,98
26/06/2016,1.39,113
25/06/2016,1.37,234
24/06/2016,1.40,276
23/06/2016,1.42,358
22/06/2016,1.37,140
21/06/2016,1.38,305
20/06/2016,1.42,34
19/06/2016,1.45,75
18/06/2016,1.49,260
17/06/2016,1.56,279
16/06/2016,1.57,249
15/06/2016,1.60,157
14/06/2016,1.74,324
13/06/2016,1.74,46
12/6/2016,1.75,114
11/6/2016,1.76,255
10/6/2016,1.92,333
9/6/2016,1.94,258
8/6/2016,2.13,154
7/6/2016,2.16,342
6/6/2016,2.11,47
5/6/2016,2.12,84
4/6/2016,2.13,231
3/6/2016,2.16,241
2/6/2016,2.13,268
1/6/2016,2.11,205
31/05/2016,2.13,372
30/05/2016,2.13,69
29/05/2016,2.00,150
28/05/2016,1.97,205
27/05/2016,2.11,289
26/05/2016,2.11,242
25/05/2016,1.93,153
24/05/2016,1.94,317
23/05/2016,1.94,55
22/05/2016,1.95,72
21/05/2016,1.97,234
20/05/2016,2.16,296
19/05/2016,2.27,369
18/05/2016,2.27,173
17/05/2016,2.31,352
16/05/2016,2.30,88
15/05/2016,2.31,183
14/05/2016,2.31,285
13/05/2016,2.55,204
12/5/2016,2.50,308
11/5/2016,2.53,156
10/5/2016,2.50,284
9/5/2016,2.53,37
8/5/2016,2.51,138
7/5/2016,2.50,281
6/5/2016,2.55,302
5/5/2016,2.69,222
4/5/2016,2.48,209
3/5/2016,2.51,328
2/5/2016,2.55,48
1/5/2016,2.52,144
30/04/2016,2.50,315
29/04/2016,2.55,164
28/04/2016,2.53,200
27/04/2016,2.48,195
26/04/2016,2.50,378
25/04/2016,2.48,59
24/04/2016,2.39,171
23/04/2016,2.30,297
22/04/2016,2.31,329
21/04/2016,2.31,234
20/04/2016,2.36,150
19/04/2016,2.34,369
18/04/2016,2.31,61
17/04/2016,2.30,143
16/04/2016,2.31,353
15/04/2016,2.33,259
14/04/2016,2.34,237
13/04/2016,2.48,242
12/4/2016,2.53,420
11/4/2016,2.48,48
10/4/2016,2.50,115
9/4/2016,2.53,305
8/4/2016,2.55,265
7/4/2016,2.55,238
6/4/2016,2.45,162
5/4/2016,2.48,363
4/4/2016,2.31,95
3/4/2016,2.27,218
2/4/2016,2.23,212
1/4/2016,2.27,209
31/03/2016,2.31,231
30/03/2016,2.23,196
29/03/2016,2.23,319
28/03/2016,2.30,82
27/03/2016,2.17,300
26/03/2016,2.05,142
25/03/2016,2.00,133
24/03/2016,1.94,211
23/03/2016,1.94,249
22/03/2016,1.76,386
21/03/2016,1.86,79
20/03/2016,1.90,212
19/03/2016,1.94,388
18/03/2016,1.79,266
17/03/2016,1.74,236
16/03/2016,1.76,256
15/03/2016,1.79,368
14/03/2016,1.74,52
13/03/2016,1.76,157
12/3/2016,1.79,370
11/3/2016,1.86,254
10/3/2016,1.86,256
9/3/2016,1.79,274
8/3/2016,1.76,404
7/3/2016,1.62,62
6/3/2016,1.60,158
5/3/2016,1.57,238
4/3/2016,1.60,293
3/3/2016,1.60,274
2/3/2016,1.55,277
1/3/2016,1.55,270
29/02/2016,1.42,289
28/02/2016,1.42,49
27/02/2016,1.42,182
26/02/2016,1.39,324
25/02/2016,1.20,254
24/02/2016,1.56,223
23/02/2016,1.68,383
22/02/2016,1.60,314
21/02/2016,1.65,67
20/02/2016,1.70,210
19/02/2016,1.76,335
18/02/2016,1.76,226
17/02/2016,1.57,195
16/02/2016,1.39,297
15/02/2016,1.37,338
14/02/2016,1.37,86
13/02/2016,1.37,160
12/2/2016,1.31,271
11/2/2016,1.39,287
10/2/2016,1.42,295
9/2/2016,1.45,240
8/2/2016,1.37,295
7/2/2016,1.43,89
6/2/2016,1.49,223
5/2/2016,1.49,264
4/2/2016,1.48,281
3/2/2016,1.48,257
2/2/2016,1.56,296
1/2/2016,1.49,299
10/1/2016,1.50,129
9/1/2016,1.50,316
8/1/2016,1.46,196
7/1/2016,1.46,227
6/1/2016,1.46,204
5/1/2016,1.42,235
4/1/2016,1.37,278
3/1/2016,1.37,189
2/1/2016,1.37,233
31/12/2015,1.23,152
30/12/2015,1.23,237
29/12/2015,1.39,348
28/12/2015,1.39,207
27/12/2015,1.50,362
26/12/2015,1.60,138
24/12/2015,1.60,247
23/12/2015,1.60,230
22/12/2015,1.42,402
21/12/2015,1.45,112
20/12/2015,1.45,195
19/12/2015,1.45,229
18/12/2015,1.49,280
17/12/2015,1.57,261
16/12/2015,1.40,247
15/12/2015,1.74,329
14/12/2015,1.57,65
13/12/2015,1.53,145
12/12/2015,1.48,260
11/12/2015,1.48,253
10/12/2015,1.33,139
9/12/2015,1.40,166
8/12/2015,1.33,388
7/12/2015,1.39,51
6/12/2015,1.40,185
5/12/2015,1.41,233
4/12/2015,1.21,323
3/12/2015,1.31,213
2/12/2015,1.37,231
1/12/2015,1.37,344
30/11/2015,1.32,35
29/11/2015,1.35,203
28/11/2015,1.38,231
27/11/2015,1.37,264
26/11/2015,1.39,241
25/11/2015,1.42,243
24/11/2015,1.56,361
23/11/2015,1.42,99
22/11/2015,1.58,162
21/11/2015,1.74,308
20/11/2015,1.68,307
19/11/2015,1.74,252
18/11/2015,1.74,214
17/11/2015,1.79,295
16/11/2015,1.74,78
15/11/2015,1.76,170
14/11/2015,1.79,220
13/11/2015,1.79,244
12/11/2015,1.94,320
11/11/2015,1.93,187
10/11/2015,1.76,281
9/11/2015,1.79,25
8/11/2015,1.67,128
7/11/2015,1.55,251
6/11/2015,1.55,231
5/11/2015,1.55,241
4/11/2015,1.48,211
3/11/2015,1.79,296
2/11/2015,1.56,46
1/11/2015,1.71,141
31/10/2015,1.86,261
30/10/2015,1.59,219
29/10/2015,1.74,276
28/10/2015,1.74,493
27/10/2015,1.93,261
26/10/2015,1.59,106
25/10/2015,1.82,162
24/10/2015,2.05,218
23/10/2015,2.13,221
22/10/2015,2.16,247
21/10/2015,2.16,147
20/10/2015,2.16,277
19/10/2015,2.16,52
18/10/2015,2.04,159
17/10/2015,1.93,193
16/10/2015,1.79,169
15/10/2015,1.75,199
14/10/2015,1.74,155
13/10/2015,1.93,343
12/10/2015,1.94,27
11/10/2015,1.94,243
10/10/2015,1.94,239
9/10/2015,1.94,218
8/10/2015,1.79,155
7/10/2015,1.96,241
6/10/2015,2.02,325
5/10/2015,1.75,66
4/10/2015,1.75,155
3/10/2015,1.75,202
2/10/2015,1.79,277
1/10/2015,1.93,278
30/09/2015,1.79,246
29/09/2015,1.55,227
28/09/2015,1.29,21
27/09/2015,1.32,134
26/09/2015,1.35,267
25/09/2015,1.33,196
24/09/2015,1.42,268
23/09/2015,1.42,278
22/09/2015,1.39,305
21/09/2015,1.37,72
20/09/2015,1.38,169
19/09/2015,1.39,135
18/09/2015,1.22,202
17/09/2015,1.42,244
16/09/2015,1.18,121
15/09/2015,1.00,176
14/09/2015,1.00,66
13/09/2015,1.01,231
12/9/2015,1.02,295
11/9/2015,1.18,279
10/9/2015,1.21,334
9/9/2015,1.21,280
8/9/2015,1.37,262
7/9/2015,1.37,121
6/9/2015,1.29,214
5/9/2015,1.20,278
4/9/2015,1.22,198
3/9/2015,1.37,277
2/9/2015,1.37,218
1/9/2015,1.33,299
31/08/2015,1.37,40
30/08/2015,1.35,186
29/08/2015,1.33,270
28/08/2015,1.31,266
27/08/2015,1.56,260
26/08/2015,1.37,157
25/08/2015,1.37,271
24/08/2015,1.20,82
23/08/2015,1.19,193
22/08/2015,1.18,220
21/08/2015,1.20,240
20/08/2015,1.22,256
19/08/2015,1.22,99
18/08/2015,1.22,255
17/08/2015,1.39,143
16/08/2015,1.40,207
15/08/2015,1.42,266
14/08/2015,1.55,302
13/08/2015,1.55,222
12/8/2015,1.39,136
11/8/2015,1.42,179
10/8/2015,1.42,88
9/8/2015,1.42,180
8/8/2015,1.42,320
7/8/2015,1.55,209
6/8/2015,1.42,270
5/8/2015,1.46,178
4/8/2015,1.31,228
3/8/2015,1.18,50
2/8/2015,1.18,130
1/8/2015,1.18,355
31/07/2015,1.18,266
30/07/2015,1.39,243
28/07/2015,1.39,225
27/07/2015,1.39,60
26/07/2015,1.47,167
25/07/2015,1.56,205
24/07/2015,1.60,378
23/07/2015,1.92,300
22/07/2015,1.92,128
21/07/2015,1.79,297
20/07/2015,1.76,20
19/07/2015,1.74,122
18/07/2015,1.72,200
17/07/2015,1.68,227
16/07/2015,1.57,249
15/07/2015,1.56,122
14/07/2015,1.57,310
13/07/2015,1.55,61
12/7/2015,1.55,127
11/7/2015,1.55,271
10/7/2015,1.56,280
9/7/2015,1.56,240
8/7/2015,1.46,202
7/7/2015,1.46,331
6/7/2015,1.31,72
5/7/2015,1.32,132
4/7/2015,1.33,247
3/7/2015,1.31,274
2/7/2015,1.22,285
1/7/2015,1.37,182
30/06/2015,1.31,365
29/06/2015,1.29,69
28/06/2015,1.33,178
27/06/2015,1.37,266
26/06/2015,1.18,218
25/06/2015,1.42,262
24/06/2015,1.42,229
23/06/2015,1.39,306
22/06/2015,1.39,54
21/06/2015,1.38,99
20/06/2015,1.37,287
19/06/2015,1.22,294
18/06/2015,1.31,281
17/06/2015,1.42,223
16/06/2015,1.49,402
15/06/2015,1.20,109
14/06/2015,1.20,172
13/06/2015,1.20,222
12/6/2015,1.40,236
11/6/2015,1.18,341
10/6/2015,1.42,233
9/6/2015,1.49,336
8/6/2015,1.31,37
7/6/2015,1.31,114
6/6/2015,1.31,311
5/6/2015,1.59,354
4/6/2015,1.74,255
3/6/2015,1.79,205
2/6/2015,1.57,289
1/6/2015,1.48,40
31/05/2015,1.53,147
30/05/2015,1.57,310
29/05/2015,1.55,233
28/05/2015,1.42,225
27/05/2015,1.56,212
26/05/2015,1.56,261
25/05/2015,1.56,78
24/05/2015,1.45,140
23/05/2015,1.34,309
22/05/2015,1.37,185
21/05/2015,1.49,217
20/05/2015,1.56,197
19/05/2015,1.56,349
18/05/2015,1.56,122
17/05/2015,1.56,157
16/05/2015,1.56,240
15/05/2015,1.05,272
14/05/2015,1.05,241
13/05/2015,1.18,321
12/5/2015,1.19,441
11/5/2015,1.19,19
10/5/2015,1.19,156
9/5/2015,1.19,393
8/5/2015,1.42,387
7/5/2015,1.90,287
6/5/2015,1.79,257
5/5/2015,2.53,371
4/5/2015,2.16,87
3/5/2015,2.23,169
2/5/2015,2.30,168
30/04/2015,1.94,238
29/04/2015,1.74,190
28/04/2015,1.74,347
27/04/2015,1.49,47
26/04/2015,1.63,146
25/04/2015,1.76,202
24/04/2015,1.42,344
23/04/2015,1.79,368
22/04/2015,1.93,250
21/04/2015,1.96,351
20/04/2015,1.94,79
19/04/2015,1.74,234
18/04/2015,1.53,240
17/04/2015,1.53,283
16/04/2015,1.62,257
15/04/2015,1.71,228
14/04/2015,1.81,429
13/04/2015,1.81,98
12/4/2015,2.20,268
11/4/2015,2.18,358
10/4/2015,2.37,183
9/4/2015,2.37,285
8/4/2015,2.45,236
7/4/2015,2.27,362
6/4/2015,2.23,165
5/4/2015,2.20,271
4/4/2015,2.18,188
2/4/2015,1.90,196
1/4/2015,2.01,293
31/03/2015,1.82,401
30/03/2015,1.92,91
29/03/2015,1.92,143
28/03/2015,1.92,260
27/03/2015,1.92,284
26/03/2015,1.87,243
25/03/2015,1.89,204
24/03/2015,1.69,345
23/03/2015,1.53,109
22/03/2015,1.53,230
21/03/2015,1.53,357
20/03/2015,1.44,189
19/03/2015,1.38,269
18/03/2015,1.29,315
17/03/2015,1.29,320
16/03/2015,1.25,54
15/03/2015,1.25,203
14/03/2015,1.25,259
13/03/2015,1.12,335
12/3/2015,1.05,183
11/3/2015,1.01,212
10/3/2015,1.06,544
9/3/2015,1.06,73
8/3/2015,1.16,211
7/3/2015,1.26,330
6/3/2015,1.06,280
5/3/2015,1.01,299
4/3/2015,1.05,247
3/3/2015,1.06,392
2/3/2015,1.25,74
1/3/2015,1.20,188
28/02/2015,1.16,367
27/02/2015,1.16,310
26/02/2015,1.06,204
25/02/2015,1.25,258
24/02/2015,1.25,470
23/02/2015,1.30,97
22/02/2015,1.23,212
21/02/2015,1.16,258
20/02/2015,1.06,271
19/02/2015,0.86,237
18/02/2015,0.89,227
17/02/2015,1.15,496
16/02/2015,0.97,50
15/02/2015,0.97,208
14/02/2015,0.97,387
13/02/2015,0.94,318
12/2/2015,1.00,254
11/2/2015,1.33,236
10/2/2015,1.33,419
9/2/2015,1.63,90
8/2/2015,1.63,221
7/2/2015,1.64,300
6/2/2015,1.45,232
5/2/2015,1.69,329
4/2/2015,1.81,269
3/2/2015,2.38,376
2/2/2015,2.44,90
1/2/2015,2.35,207
31/01/2015,2.27,276
30/01/2015,2.19,220
29/01/2015,2.38,191
28/01/2015,2.38,228
27/01/2015,2.38,336
26/01/2015,2.44,60
25/01/2015,2.28,146
24/01/2015,2.12,260
23/01/2015,2.01,206
22/01/2015,1.82,144
21/01/2015,1.70,303
20/01/2015,1.90,305
19/01/2015,1.69,50
18/01/2015,1.51,158
17/01/2015,1.33,228
16/01/2015,1.33,265
15/01/2015,1.45,212
14/01/2015,1.38,256
13/01/2015,1.75,321
12/1/2015,1.81,53
11/1/2015,1.80,157
10/1/2015,1.79,324
9/1/2015,1.75,168
8/1/2015,1.44,171
7/1/2015,1.30,250
6/1/2015,1.30,334
5/1/2015,1.07,64
4/1/2015,1.10,305
3/1/2015,1.13,299
2/1/2015,1.37,83
30/11/2014,1.06,152
29/11/2014,1.07,249
28/11/2014,1.07,226
27/11/2014,1.01,258
26/11/2014,1.01,216
25/11/2014,0.89,204
24/11/2014,0.90,69
23/11/2014,0.90,167
22/11/2014,0.90,203
21/11/2014,0.90,352
20/11/2014,0.90,254
19/11/2014,0.93,255
18/11/2014,1.01,260
17/11/2014,1.01,100
16/11/2014,1.06,201
15/11/2014,1.11,319
14/11/2014,1.15,192
13/11/2014,1.15,260
12/11/2014,1.15,228
11/11/2014,1.22,334
10/11/2014,1.16,93
9/11/2014,1.12,102
8/11/2014,1.08,231
7/11/2014,1.15,269
6/11/2014,1.08,194
5/11/2014,1.13,219
4/11/2014,1.13,228
3/11/2014,1.06,89
2/11/2014,1.04,130
1/11/2014,1.01,239
31/10/2014,1.07,152
30/10/2014,1.06,215
29/10/2014,1.01,254
28/10/2014,1.11,277
27/10/2014,1.01,95
26/10/2014,1.04,129
25/10/2014,1.07,221
24/10/2014,1.07,236
23/10/2014,1.01,281
22/10/2014,1.15,246
21/10/2014,1.15,244
20/10/2014,1.05,75
19/10/2014,1.07,147
18/10/2014,1.09,172
17/10/2014,1.06,197
16/10/2014,1.06,252
15/10/2014,1.04,180
14/10/2014,1.06,195
13/10/2014,1.04,89
12/10/2014,1.13,225
11/10/2014,1.21,229
10/10/2014,1.27,257
9/10/2014,1.27,232
8/10/2014,1.30,237
7/10/2014,1.44,175
6/10/2014,1.41,94
5/10/2014,1.34,99
4/10/2014,1.27,252
3/10/2014,1.27,235
2/10/2014,1.09,95
1/10/2014,0.97,180
30/09/2014,0.95,311
29/09/2014,0.95,84
28/09/2014,0.96,127
27/09/2014,0.96,272
26/09/2014,1.01,223
25/09/2014,1.09,242
24/09/2014,1.09,269
23/09/2014,1.13,276
22/09/2014,1.13,110
21/09/2014,1.08,117
20/09/2014,1.03,286
19/09/2014,0.98,185
18/09/2014,1.15,212
17/09/2014,0.99,179
16/09/2014,0.95,256
15/09/2014,0.93,83
14/09/2014,0.94,122
13/09/2014,0.94,246
12/9/2014,0.96,284
11/9/2014,1.23,224
10/9/2014,1.33,254
9/9/2014,1.36,303
8/9/2014,1.30,79
7/9/2014,1.30,98
6/9/2014,1.31,229
5/9/2014,1.33,224
4/9/2014,1.48,211
3/9/2014,1.45,157
2/9/2014,1.22,298
1/9/2014,1.13,81
31/08/2014,1.27,113
30/08/2014,1.41,274
29/08/2014,1.44,272
28/08/2014,1.40,177
27/08/2014,1.44,135
26/08/2014,1.44,290
25/08/2014,1.39,73
24/08/2014,1.44,149
23/08/2014,1.40,264
22/08/2014,1.33,170
21/08/2014,1.27,224
20/08/2014,1.27,143
19/08/2014,1.24,286
18/08/2014,1.19,44
17/08/2014,1.14,87
16/08/2014,1.11,273
15/08/2014,1.25,252
14/08/2014,1.40,254
13/08/2014,1.40,217
12/8/2014,1.38,285
11/8/2014,1.40,83
10/8/2014,1.44,156
9/8/2014,1.49,218
8/8/2014,1.58,268
7/8/2014,1.56,203
6/8/2014,1.66,213
5/8/2014,1.70,215
4/8/2014,1.62,55
3/8/2014,1.73,136
2/8/2014,1.78,262
1/8/2014,1.70,330
31/07/2014,...,...
30/07/2014,...,...
29/07/2014,...,...
28/07/2014,...,...
27/07/2014,...,...
26/07/2014,...,...
25/07/2014,...,...
24/07/2014,...,...
23/07/2014,...,...
22/07/2014,...,...
21/07/2014,...,...
20/07/2014,...,...
19/07/2014,...,...
18/07/2014,...,...
17/07/2014,...,...
16/07/2014,...,...
15/07/2014,...,...
14/07/2014,...,...
13/07/2014,...,...
12/7/2014,...,...
11/7/2014,...,...
10/7/2014,...,...
9/7/2014,...,...
8/7/2014,...,...
7/7/2014,...,...
6/7/2014,...,...
5/7/2014,...,...
4/7/2014,...,...
3/7/2014,...,...
2/7/2014,...,...
1/7/2014,...,...
30/06/2014,...,...
29/06/2014,...,...
28/06/2014,...,...
27/06/2014,...,...
26/06/2014,...,...
25/06/2014,...,...
24/06/2014,...,...
23/06/2014,...,...
22/06/2014,...,...
21/06/2014,...,...
20/06/2014,...,...
19/06/2014,...,...
18/06/2014,...,...
17/06/2014,...,...
16/06/2014,...,...
15/06/2014,...,...
14/06/2014,...,...
13/06/2014,...,...
12/6/2014,...,...
11/6/2014,...,...
10/6/2014,...,...
9/6/2014,...,...
8/6/2014,...,...
7/6/2014,...,...
6/6/2014,...,...
5/6/2014,...,...
4/6/2014,...,...
3/6/2014,...,...
2/6/2014,...,...
1/6/2014,...,...
31/05/2014,...,...
30/05/2014,...,...
29/05/2014,...,...
28/05/2014,...,...
27/05/2014,...,...
26/05/2014,...,...
25/05/2014,...,...
24/05/2014,...,...
23/05/2014,...,...
22/05/2014,...,...
21/05/2014,...,...
20/05/2014,...,...
19/05/2014,...,...
18/05/2014,...,...
17/05/2014,...,...
16/05/2014,...,...
15/05/2014,...,...
14/05/2014,...,...
13/05/2014,...,...
12/5/2014,...,...
11/5/2014,...,...
10/5/2014,...,...
9/5/2014,...,...
8/5/2014,...,...
7/5/2014,...,...
6/5/2014,...,...
5/5/2014,...,...
4/5/2014,...,...
3/5/2014,...,...
2/5/2014,...,...
30/04/2014,...,...
29/04/2014,...,...
28/04/2014,...,...
27/04/2014,...,...
26/04/2014,...,...
25/04/2014,...,...
24/04/2014,...,...
23/04/2014,...,...
22/04/2014,...,...
21/04/2014,...,...
20/04/2014,...,...
19/04/2014,...,...
17/04/2014,...,...
16/04/2014,...,...
15/04/2014,...,...
14/04/2014,...,...
13/04/2014,...,...
12/4/2014,...,...
11/4/2014,...,...
10/4/2014,...,...
9/4/2014,...,...
8/4/2014,...,...
7/4/2014,...,...
6/4/2014,...,...
5/4/2014,...,...
4/4/2014,...,...
3/4/2014,...,...
2/4/2014,...,...
1/4/2014,...,...
31/03/2014,...,...
30/03/2014,...,...
29/03/2014,...,...
28/03/2014,...,...
27/03/2014,...,...
26/03/2014,...,...
25/03/2014,...,...
24/03/2014,...,...
23/03/2014,...,...
22/03/2014,...,...
21/03/2014,...,...
20/03/2014,...,...
19/03/2014,...,...
18/03/2014,...,...
17/03/2014,...,...
16/03/2014,...,...
15/03/2014,...,...
14/03/2014,...,...
13/03/2014,...,...
12/3/2014,...,...
11/3/2014,...,...
10/3/2014,...,...
9/3/2014,...,...
8/3/2014,...,...
7/3/2014,...,...
6/3/2014,...,...
5/3/2014,...,...
4/3/2014,...,...
3/3/2014,...,...
2/3/2014,...,...
1/3/2014,...,...
28/02/2014,...,...
27/02/2014,...,...
26/02/2014,...,...
25/02/2014,...,...
24/02/2014,...,...
23/02/2014,...,...
22/02/2014,...,...
21/02/2014,...,...
20/02/2014,...,...
19/02/2014,...,...
18/02/2014,...,...
17/02/2014,...,...
16/02/2014,...,...
15/02/2014,...,...
14/02/2014,...,...
13/02/2014,...,...
12/2/2014,...,...
11/2/2014,...,...
10/2/2014,...,...
9/2/2014,...,...
8/2/2014,...,...
7/2/2014,...,...
6/2/2014,...,...
5/2/2014,...,...
4/2/2014,...,...
3/2/2014,...,...
2/2/2014,...,...
1/2/2014,...,...
31/01/2014,...,...
30/01/2014,...,...
29/01/2014,...,...
28/01/2014,...,...
27/01/2014,...,...
26/01/2014,...,...
25/01/2014,...,...
24/01/2014,...,...
23/01/2014,...,...
22/01/2014,...,...
21/01/2014,...,...
20/01/2014,...,...
19/01/2014,...,...
18/01/2014,...,...
17/01/2014,...,...
16/01/2014,...,...
15/01/2014,...,...
14/01/2014,...,...
13/01/2014,...,...
12/1/2014,...,...
11/1/2014,...,...
10/1/2014,...,...
9/1/2014,...,...
8/1/2014,...,...
7/1/2014,...,...
6/1/2014,...,...
5/1/2014,...,...
4/1/2014,...,...
3/1/2014,...,...
2/1/2014,...,...
31/12/2013,...,...
30/12/2013,...,...
29/12/2013,...,...
28/12/2013,...,...
27/12/2013,...,...
26/12/2013,...,...
24/12/2013,...,...
23/12/2013,...,...
22/12/2013,...,...
21/12/2013,...,...
20/12/2013,...,...
19/12/2013,...,...
18/12/2013,...,...
17/12/2013,...,...
16/12/2013,...,...
15/12/2013,...,...
14/12/2013,...,...
13/12/2013,...,...
12/12/2013,...,...
11/12/2013,...,...
10/12/2013,...,...
9/12/2013,...,...
8/12/2013,...,...
7/12/2013,...,...
6/12/2013,...,...
5/12/2013,...,...
4/12/2013,...,...
3/12/2013,...,...
2/12/2013,...,...
1/12/2013,...,...
30/11/2013,...,...
29/11/2013,...,...
28/11/2013,...,...
27/11/2013,...,...
26/11/2013,...,...
25/11/2013,...,...
24/11/2013,...,...
23/11/2013,...,...
22/11/2013,...,...
21/11/2013,...,...
20/11/2013,...,...
19/11/2013,...,...
18/11/2013,...,...
17/11/2013,...,...
16/11/2013,...,...
15/11/2013,...,...
14/11/2013,...,...
13/11/2013,...,...
12/11/2013,...,...
11/11/2013,...,...
10/11/2013,...,...
9/11/2013,...,...
8/11/2013,...,...
7/11/2013,...,...
6/11/2013,...,...
5/11/2013,...,...
4/11/2013,...,...
3/11/2013,...,...
2/11/2013,...,...
1/11/2013,...,...
31/10/2013,...,...
30/10/2013,...,...
29/10/2013,...,...
28/10/2013,...,...
27/10/2013,...,...
26/10/2013,...,...
25/10/2013,...,...
24/10/2013,...,...
23/10/2013,...,...
22/10/2013,...,...
21/10/2013,...,...
20/10/2013,...,...
19/10/2013,...,...
18/10/2013,...,...
17/10/2013,...,...
16/10/2013,...,...
15/10/2013,...,...
14/10/2013,...,...
13/10/2013,...,...
12/10/2013,...,...
11/10/2013,...,...
10/10/2013,...,...
9/10/2013,...,...
8/10/2013,...,...
7/10/2013,...,...
6/10/2013,...,...
5/10/2013,...,...
4/10/2013,...,...
3/10/2013,...,...
2/10/2013,...,...
1/10/2013,...,...
30/09/2013,...,...
29/09/2013,...,...
28/09/2013,...,...
27/09/2013,...,...
26/09/2013,...,...
25/09/2013,...,...
24/09/2013,...,...
23/09/2013,...,...
22/09/2013,...,...
21/09/2013,...,...
20/09/2013,...,...
19/09/2013,...,...
18/09/2013,...,...
17/09/2013,...,...
16/09/2013,...,...
15/09/2013,...,...
14/09/2013,...,...
13/09/2013,...,...
12/9/2013,...,...
11/9/2013,...,...
10/9/2013,...,...
9/9/2013,...,...
8/9/2013,...,...
7/9/2013,...,...
6/9/2013,...,...
5/9/2013,...,...
4/9/2013,...,...
3/9/2013,...,...
2/9/2013,...,...
1/9/2013,...,...
31/08/2013,...,...
30/08/2013,...,...
29/08/2013,...,...
28/08/2013,...,...
27/08/2013,...,...
26/08/2013,...,...
25/08/2013,...,...
24/08/2013,...,...
23/08/2013,...,...
22/08/2013,...,...
21/08/2013,...,...
20/08/2013,...,...
19/08/2013,...,...
18/08/2013,...,...
17/08/2013,...,...
16/08/2013,...,...
15/08/2013,...,...
14/08/2013,...,...
13/08/2013,...,...
12/8/2013,...,...
11/8/2013,...,...
10/8/2013,...,...
9/8/2013,...,...
8/8/2013,...,...
7/8/2013,...,...
6/8/2013,...,...
5/8/2013,...,...
4/8/2013,...,...
3/8/2013,...,...
2/8/2013,...,...
1/8/2013,...,...
31/07/2013,...,...
30/07/2013,...,...
29/07/2013,...,...
28/07/2013,...,...
27/07/2013,...,...
26/07/2013,...,...
25/07/2013,...,...
24/07/2013,...,...
23/07/2013,...,...
22/07/2013,...,...
21/07/2013,...,...
20/07/2013,...,...
19/07/2013,...,...
18/07/2013,...,...
17/07/2013,...,...
16/07/2013,...,...
15/07/2013,...,...
14/07/2013,...,...
13/07/2013,...,...
12/7/2013,...,...
11/7/2013,...,...
10/7/2013,...,...
9/7/2013,...,...
8/7/2013,...,...
7/7/2013,...,...
6/7/2013,...,...
5/7/2013,...,...
4/7/2013,...,...
3/7/2013,...,...
2/7/2013,...,...
1/7/2013,...,...
30/06/2013,...,...
29/06/2013,...,...
28/06/2013,...,...
27/06/2013,...,...
26/06/2013,...,...
25/06/2013,...,...
24/06/2013,...,...
23/06/2013,...,...
22/06/2013,...,...
21/06/2013,...,...
20/06/2013,...,...
19/06/2013,...,...
18/06/2013,...,...
17/06/2013,...,...
16/06/2013,...,...
15/06/2013,...,...
14/06/2013,...,...
13/06/2013,...,...
12/6/2013,...,...
11/6/2013,...,...
10/6/2013,...,...
9/6/2013,...,...
8/6/2013,...,...
7/6/2013,...,...
6/6/2013,...,...
5/6/2013,...,...
4/6/2013,...,...
3/6/2013,...,...
2/6/2013,...,...
1/6/2013,...,...
31/05/2013,...,...
30/05/2013,...,...
29/05/2013,...,...
28/05/2013,...,...
27/05/2013,...,...
26/05/2013,...,...
25/05/2013,...,...
24/05/2013,...,...
23/05/2013,...,...
22/05/2013,...,...
21/05/2013,...,...
20/05/2013,...,...
19/05/2013,...,...
18/05/2013,...,...
17/05/2013,...,...
16/05/2013,...,...
15/05/2013,...,...
14/05/2013,...,...
13/05/2013,...,...
12/5/2013,...,...
11/5/2013,...,...
10/5/2013,...,...
9/5/2013,...,...
8/5/2013,...,...
7/5/2013,...,...
6/5/2013,...,...
5/5/2013,...,...
4/5/2013,...,...
3/5/2013,...,...
2/5/2013,...,...
1/5/2013,...,...
30/04/2013,...,...
29/04/2013,...,...
28/04/2013,...,...
27/04/2013,...,...
26/04/2013,...,...
25/04/2013,...,...
24/04/2013,...,...
23/04/2013,...,...
22/04/2013,...,...
21/04/2013,...,...
20/04/2013,...,...
19/04/2013,...,...
18/04/2013,...,...
17/04/2013,...,...
16/04/2013,...,...
15/04/2013,...,...
14/04/2013,...,...
13/04/2013,...,...
12/4/2013,...,...
11/4/2013,...,...
10/4/2013,...,...
9/4/2013,...,...
8/4/2013,...,...
7/4/2013,...,...
6/4/2013,...,...
5/4/2013,...,...
4/4/2013,...,...
3/4/2013,...,...
2/4/2013,...,...
1/4/2013,...,...
31/03/2013,...,...
30/03/2013,...,...
29/03/2013,...,...
28/03/2013,...,...
27/03/2013,...,...
26/03/2013,...,...
25/03/2013,...,...
24/03/2013,...,...
23/03/2013,...,...
22/03/2013,...,...
21/03/2013,...,...
20/03/2013,...,...
19/03/2013,...,...
18/03/2013,...,...
17/03/2013,...,...
16/03/2013,...,...
15/03/2013,...,...
14/03/2013,...,...
13/03/2013,...,...
12/3/2013,...,...
11/3/2013,...,...
10/3/2013,...,...
9/3/2013,...,...
8/3/2013,...,...
7/3/2013,...,...
6/3/2013,...,...
5/3/2013,...,...
4/3/2013,...,...
3/3/2013,...,...
2/3/2013,...,...
1/3/2013,...,...
28/02/2013,...,...
27/02/2013,...,...
26/02/2013,...,...
25/02/2013,...,...
24/02/2013,...,...
23/02/2013,...,...
22/02/2013,...,...
21/02/2013,...,...
20/02/2013,...,...
19/02/2013,...,...
18/02/2013,...,...
17/02/2013,...,...
16/02/2013,...,...
15/02/2013,...,...
14/02/2013,...,...
13/02/2013,...,...
12/2/2013,...,...
11/2/2013,...,...
10/2/2013,...,...
9/2/2013,...,...
8/2/2013,...,...
7/2/2013,...,...
6/2/2013,...,...
5/2/2013,...,...
4/2/2013,...,...
3/2/2013,...,...
2/2/2013,...,...
1/2/2013,...,...
31/01/2013,...,...
30/01/2013,...,...
29/01/2013,...,...
28/01/2013,...,...
27/01/2013,...,...
26/01/2013,...,...
25/01/2013,...,...
24/01/2013,...,...
23/01/2013,...,...
22/01/2013,...,...
21/01/2013,...,...
20/01/2013,...,...
19/01/2013,...,...
18/01/2013,...,...
17/01/2013,...,...
16/01/2013,...,...
15/01/2013,...,...
14/01/2013,...,...
13/01/2013,...,...
12/1/2013,...,...
11/1/2013,...,...
10/1/2013,...,...
9/1/2013,...,...
8/1/2013,...,...
7/1/2013,...,...
6/1/2013,...,...
5/1/2013,...,...
4/1/2013,...,...
3/1/2013,...,...
2/1/2013,...,...
1/1/2013,...,...
31/12/2012,...,...
30/12/2012,...,...
29/12/2012,...,...
28/12/2012,...,...
27/12/2012,...,...
26/12/2012,...,...
25/12/2012,...,...
24/12/2012,...,...
23/12/2012,...,...
22/12/2012,...,...
21/12/2012,...,...
20/12/2012,...,...
19/12/2012,...,...
18/12/2012,...,...
17/12/2012,...,...
16/12/2012,...,...
15/12/2012,...,...
14/12/2012,...,...
13/12/2012,...,...
12/12/2012,...,...
11/12/2012,...,...
10/12/2012,...,...
9/12/2012,...,...
8/12/2012,...,...
7/12/2012,...,...
6/12/2012,...,...
5/12/2012,...,...
4/12/2012,...,...
3/12/2012,...,...
2/12/2012,...,...
1/12/2012,...,...
30/11/2012,...,...
29/11/2012,...,...
28/11/2012,...,...
27/11/2012,...,...
26/11/2012,...,...
25/11/2012,...,...
24/11/2012,...,...
23/11/2012,...,...
22/11/2012,...,...
21/11/2012,...,...
20/11/2012,...,...
19/11/2012,...,...
18/11/2012,...,...
17/11/2012,...,...
16/11/2012,...,...
15/11/2012,...,...
14/11/2012,...,...
13/11/2012,...,...
12/11/2012,...,...
11/11/2012,...,...
10/11/2012,...,...
9/11/2012,...,...
8/11/2012,...,...
7/11/2012,...,...
6/11/2012,...,...
5/11/2012,...,...
4/11/2012,...,...
3/11/2012,...,...
1/11/2012,...,...
26/10/2012,...,...
25/10/2012,...,...
24/10/2012,...,...
23/10/2012,...,...
22/10/2012,...,...
21/10/2012,...,...
20/10/2012,...,...
19/10/2012,...,...
18/10/2012,...,...
17/10/2012,...,...
16/10/2012,...,...
15/10/2012,...,...
14/10/2012,...,...
13/10/2012,...,...
12/10/2012,...,...
11/10/2012,...,...
10/10/2012,...,...
9/10/2012,...,...
8/10/2012,...,...
7/10/2012,...,...
6/10/2012,...,...
5/10/2012,...,...
4/10/2012,...,...
3/10/2012,...,...
2/10/2012,...,...
1/10/2012,...,...
30/09/2012,...,...
29/09/2012,...,...
28/09/2012,...,...
27/09/2012,...,...
26/09/2012,...,...
25/09/2012,...,...
24/09/2012,...,...
23/09/2012,...,...
22/09/2012,...,...
21/09/2012,...,...
20/09/2012,...,...
19/09/2012,...,...
18/09/2012,...,...
17/09/2012,...,...
16/09/2012,...,...
15/09/2012,...,...
14/09/2012,...,...
13/09/2012,...,...
12/9/2012,...,...
11/9/2012,...,...
10/9/2012,...,...
9/9/2012,...,...
8/9/2012,...,...
7/9/2012,...,...
6/9/2012,...,...
5/9/2012,...,...
4/9/2012,...,...
3/9/2012,...,...
2/9/2012,...,...
1/9/2012,...,...
31/08/2012,...,...
30/08/2012,...,...
29/08/2012,...,...
28/08/2012,...,...
27/08/2012,...,...
26/08/2012,...,...
25/08/2012,...,...
24/08/2012,...,...
23/08/2012,...,...
22/08/2012,...,...
21/08/2012,...,...
20/08/2012,...,...
19/08/2012,...,...
18/08/2012,...,...
17/08/2012,...,...
16/08/2012,...,...
15/08/2012,...,...
14/08/2012,...,...
13/08/2012,...,...
12/8/2012,...,...
11/8/2012,...,...
10/8/2012,...,...
9/8/2012,...,...
8/8/2012,...,...
7/8/2012,...,...
6/8/2012,...,...
5/8/2012,...,...
4/8/2012,...,...
3/8/2012,...,...
2/8/2012,...,...
1/8/2012,...,...
31/07/2012,...,...
30/07/2012,...,...
29/07/2012,...,...
28/07/2012,...,...
27/07/2012,...,...
26/07/2012,...,...
25/07/2012,...,...
24/07/2012,...,...
23/07/2012,...,...
22/07/2012,...,...
21/07/2012,...,...
20/07/2012,...,...
19/07/2012,...,...
18/07/2012,...,...
17/07/2012,...,...
16/07/2012,...,...
15/07/2012,...,...
14/07/2012,...,...
13/07/2012,...,...
12/7/2012,...,...
11/7/2012,...,...
10/7/2012,...,...
9/7/2012,...,...
8/7/2012,...,...
7/7/2012,...,...
6/7/2012,...,...
5/7/2012,...,...
4/7/2012,...,...
3/7/2012,...,...
2/7/2012,...,...
1/7/2012,...,...
30/06/2012,...,...
29/06/2012,...,...
28/06/2012,...,...
27/06/2012,...,...
26/06/2012,...,...
25/06/2012,...,...
24/06/2012,...,...
23/06/2012,...,...
22/06/2012,...,...
21/06/2012,...,...
20/06/2012,...,...
19/06/2012,...,...
18/06/2012,...,...
17/06/2012,...,...
16/06/2012,...,...
15/06/2012,...,...
14/06/2012,...,...
13/06/2012,...,...
12/6/2012,...,...
11/6/2012,...,...
10/6/2012,...,...
9/6/2012,...,...
8/6/2012,...,...
7/6/2012,...,...
6/6/2012,...,...
5/6/2012,...,...
4/6/2012,...,...
3/6/2012,...,...
2/6/2012,...,...
1/6/2012,...,...
31/05/2012,...,...
30/05/2012,...,...
29/05/2012,...,...
28/05/2012,...,...
27/05/2012,...,...
26/05/2012,...,...
25/05/2012,...,...
24/05/2012,...,...
23/05/2012,...,...
22/05/2012,...,...
21/05/2012,...,...
20/05/2012,...,...
19/05/2012,...,...
18/05/2012,...,...
17/05/2012,...,...
16/05/2012,...,...
15/05/2012,...,...
14/05/2012,...,...
13/05/2012,...,...
12/5/2012,...,...
11/5/2012,...,...
10/5/2012,...,...
9/5/2012,...,...
8/5/2012,...,...
7/5/2012,...,...
6/5/2012,...,...
5/5/2012,...,...
4/5/2012,...,...
3/5/2012,...,...
2/5/2012,...,...
1/5/2012,...,...
30/04/2012,...,...
29/04/2012,...,...
28/04/2012,...,...
27/04/2012,...,...
26/04/2012,...,...
25/04/2012,...,...
24/04/2012,...,...
23/04/2012,...,...
22/04/2012,...,...
21/04/2012,...,...
20/04/2012,...,...
19/04/2012,...,...
18/04/2012,...,...
17/04/2012,...,...
16/04/2012,...,...
15/04/2012,...,...
14/04/2012,...,...
13/04/2012,...,...
12/4/2012,...,...
11/4/2012,...,...
10/4/2012,...,...
9/4/2012,...,...
8/4/2012,...,...
7/4/2012,...,...
6/4/2012,...,...
5/4/2012,...,...
4/4/2012,...,...
3/4/2012,...,...
2/4/2012,...,...
31/03/2012,...,...
30/03/2012,...,...
29/03/2012,...,...
28/03/2012,...,...
27/03/2012,...,...
26/03/2012,...,...
25/03/2012,...,...
24/03/2012,...,...
23/03/2012,...,...
22/03/2012,...,...
21/03/2012,...,...
20/03/2012,...,...
19/03/2012,...,...
18/03/2012,...,...
17/03/2012,...,...
16/03/2012,...,...
15/03/2012,...,...
14/03/2012,...,...
13/03/2012,...,...
12/3/2012,...,...
11/3/2012,...,...
10/3/2012,...,...
9/3/2012,...,...
8/3/2012,...,...
7/3/2012,...,...
6/3/2012,...,...
5/3/2012,...,...
4/3/2012,...,...
3/3/2012,...,...
2/3/2012,...,...
1/3/2012,...,...
28/02/2012,...,...
27/02/2012,...,...
26/02/2012,...,...
25/02/2012,...,...
24/02/2012,...,...
23/02/2012,...,...
22/02/2012,...,...
21/02/2012,...,...
20/02/2012,...,...
19/02/2012,...,...
18/02/2012,...,...
17/02/2012,...,...
16/02/2012,...,...
15/02/2012,...,...
14/02/2012,...,...
13/02/2012,...,...
12/2/2012,...,...
11/2/2012,...,...
10/2/2012,...,...
9/2/2012,...,...
8/2/2012,...,...
7/2/2012,...,...
6/2/2012,...,...
5/2/2012,...,...
4/2/2012,...,...
3/2/2012,...,...
2/2/2012,...,...
1/2/2012,...,...
31/01/2012,...,...
30/01/2012,...,...
29/01/2012,...,...
28/01/2012,...,...
27/01/2012,...,...
26/01/2012,...,...
25/01/2012,...,...
24/01/2012,...,...
23/01/2012,...,...
22/01/2012,...,...
21/01/2012,...,...
20/01/2012,...,...
19/01/2012,...,...
18/01/2012,...,...
17/01/2012,...,...
16/01/2012,...,...
15/01/2012,...,...
14/01/2012,...,...
13/01/2012,...,...
12/1/2012,...,...
11/1/2012,...,...
10/1/2012,...,...
9/1/2012,...,...
8/1/2012,...,...
7/1/2012,...,...
6/1/2012,...,...
5/1/2012,...,...
4/1/2012,...,...
3/1/2012,...,...
2/1/2012,...,...
1/1/2012,...,...
31/12/2011,...,...
30/12/2011,...,...
29/12/2011,...,...
28/12/2011,...,...
27/12/2011,...,...
26/12/2011,...,...
25/12/2011,...,...
24/12/2011,...,...
23/12/2011,...,...
22/12/2011,...,...
21/12/2011,...,...
20/12/2011,...,...
19/12/2011,...,...
18/12/2011,...,...
17/12/2011,...,...
16/12/2011,...,...
15/12/2011,...,...
14/12/2011,...,...
13/12/2011,...,...
12/12/2011,...,...
11/12/2011,...,...
10/12/2011,...,...
9/12/2011,...,...
8/12/2011,...,...
7/12/2011,...,...
6/12/2011,...,...
5/12/2011,...,...
4/12/2011,...,...
3/12/2011,...,...
2/12/2011,...,...
1/12/2011,...,...
30/11/2011,...,...
29/11/2011,...,...
28/11/2011,...,...
27/11/2011,...,...
26/11/2011,...,...
25/11/2011,...,...
24/11/2011,...,...
23/11/2011,...,...
22/11/2011,...,...
21/11/2011,...,...
20/11/2011,...,...
19/11/2011,...,...
18/11/2011,...,...
17/11/2011,...,...
16/11/2011,...,...
15/11/2011,...,...
14/11/2011,...,...
13/11/2011,...,...
12/11/2011,...,...
11/11/2011,...,...
10/11/2011,...,...
9/11/2011,...,...
8/11/2011,...,...
7/11/2011,...,...
6/11/2011,...,...
5/11/2011,...,...
4/11/2011,...,...
3/11/2011,...,...
2/11/2011,...,...
1/11/2011,...,...
31/10/2011,...,...
30/10/2011,...,...
29/10/2011,...,...
28/10/2011,...,...
27/10/2011,...,...
26/10/2011,...,...
25/10/2011,...,...
24/10/2011,...,...
23/10/2011,...,...
22/10/2011,...,...
21/10/2011,...,...
20/10/2011,...,...
19/10/2011,...,...
18/10/2011,...,...
17/10/2011,...,...
16/10/2011,...,...
15/10/2011,...,...
14/10/2011,...,...
13/10/2011,...,...
12/10/2011,...,...
11/10/2011,...,...
10/10/2011,...,...
9/10/2011,...,...
8/10/2011,...,...
7/10/2011,...,...
6/10/2011,...,...
5/10/2011,...,...
4/10/2011,...,...
3/10/2011,...,...
2/10/2011,...,...
1/10/2011,...,...
30/09/2011,...,...
29/09/2011,...,...
28/09/2011,...,...
27/09/2011,...,...
26/09/2011,...,...
25/09/2011,...,...
24/09/2011,...,...
23/09/2011,...,...
22/09/2011,...,...
21/09/2011,...,...
20/09/2011,...,...
19/09/2011,...,...
18/09/2011,...,...
17/09/2011,...,...
16/09/2011,...,...
15/09/2011,...,...
14/09/2011,...,...
13/09/2011,...,...
12/9/2011,...,...
11/9/2011,...,...
10/9/2011,...,...
9/9/2011,...,...
8/9/2011,...,...
7/9/2011,...,...
6/9/2011,...,...
5/9/2011,...,...
4/9/2011,...,...
3/9/2011,...,...
2/9/2011,...,...
1/9/2011,...,...
31/08/2011,...,...
30/08/2011,...,...
29/08/2011,...,...
28/08/2011,...,...
27/08/2011,...,...
26/08/2011,...,...
25/08/2011,...,...
24/08/2011,...,...
23/08/2011,...,...
22/08/2011,...,...
21/08/2011,...,...
20/08/2011,...,...
19/08/2011,...,...
18/08/2011,...,...
17/08/2011,...,...
16/08/2011,...,...
15/08/2011,...,...
14/08/2011,...,...
13/08/2011,...,...
12/8/2011,...,...
11/8/2011,...,...
10/8/2011,...,...
9/8/2011,...,...
8/8/2011,...,...
7/8/2011,...,...
6/8/2011,...,...
5/8/2011,...,...
4/8/2011,...,...
3/8/2011,...,...
2/8/2011,...,...
1/8/2011,...,...
31/07/2011,...,...
30/07/2011,...,...
29/07/2011,...,...
28/07/2011,...,...
27/07/2011,...,...
26/07/2011,...,...
25/07/2011,...,...
24/07/2011,...,...
23/07/2011,...,...
22/07/2011,...,...
21/07/2011,...,...
20/07/2011,...,...
19/07/2011,...,...
18/07/2011,...,...
17/07/2011,...,...
16/07/2011,...,...
15/07/2011,...,...
14/07/2011,...,...
13/07/2011,...,...
12/7/2011,...,...
11/7/2011,...,...
10/7/2011,...,...
9/7/2011,...,...
8/7/2011,...,...
7/7/2011,...,...
6/7/2011,...,...
5/7/2011,...,...
4/7/2011,...,...
3/7/2011,...,...
2/7/2011,...,...
1/7/2011,...,...
30/06/2011,...,...
29/06/2011,...,...
28/06/2011,...,...
27/06/2011,...,...
26/06/2011,...,...
25/06/2011,...,...
24/06/2011,...,...
23/06/2011,...,...
22/06/2011,...,...
21/06/2011,...,...
20/06/2011,...,...
19/06/2011,...,...
18/06/2011,...,...
17/06/2011,...,...
16/06/2011,...,...
15/06/2011,...,...
14/06/2011,...,...
13/06/2011,...,...
12/6/2011,...,...
11/6/2011,...,...
10/6/2011,...,...
9/6/2011,...,...
8/6/2011,...,...
7/6/2011,...,...
6/6/2011,...,...
5/6/2011,...,...
4/6/2011,...,...
3/6/2011,...,...
2/6/2011,...,...
1/6/2011,...,...
31/05/2011,...,...
30/05/2011,...,...
29/05/2011,...,...
28/05/2011,...,...
27/05/2011,...,...
26/05/2011,...,...
25/05/2011,...,...
24/05/2011,...,...
23/05/2011,...,...
22/05/2011,...,...
21/05/2011,...,...
20/05/2011,...,...
19/05/2011,...,...
18/05/2011,...,...
17/05/2011,...,...
16/05/2011,...,...
15/05/2011,...,...
14/05/2011,...,...
13/05/2011,...,...
12/5/2011,...,...
11/5/2011,...,...
10/5/2011,...,...
9/5/2011,...,...
8/5/2011,...,...
7/5/2011,...,...
6/5/2011,...,...
5/5/2011,...,...
4/5/2011,...,...
3/5/2011,...,...
2/5/2011,...,...
1/5/2011,...,...
30/04/2011,...,...
29/04/2011,...,...
28/04/2011,...,...
27/04/2011,...,...
26/04/2011,...,...
25/04/2011,...,...
24/04/2011,...,...
23/04/2011,...,...
22/04/2011,...,...
21/04/2011,...,...
20/04/2011,...,...
19/04/2011,...,...
18/04/2011,...,...
17/04/2011,...,...
16/04/2011,...,...
15/04/2011,...,...
14/04/2011,...,...
13/04/2011,...,...
12/4/2011,...,...
11/4/2011,...,...
10/4/2011,...,...
9/4/2011,...,...
8/4/2011,...,...
7/4/2011,...,...
6/4/2011,...,...
5/4/2011,...,...
4/4/2011,...,...
3/4/2011,...,...
2/4/2011,...,...
1/4/2011,...,...
31/03/2011,...,...
30/03/2011,...,...
29/03/2011,...,...
28/03/2011,...,...
27/03/2011,...,...
26/03/2011,...,...
25/03/2011,...,...
24/03/2011,...,...
23/03/2011,...,...
22/03/2011,...,...
21/03/2011,...,...
20/03/2011,...,...
19/03/2011,...,...
18/03/2011,...,...
17/03/2011,...,...
16/03/2011,...,...
15/03/2011,...,...
14/03/2011,...,...
13/03/2011,...,...
12/3/2011,...,...
11/3/2011,...,...
10/3/2011,...,...
9/3/2011,...,...
8/3/2011,...,...
7/3/2011,...,...
6/3/2011,...,...
5/3/2011,...,...
4/3/2011,...,...
3/3/2011,...,...
2/3/2011,...,...
1/3/2011,...,...
28/02/2011,...,...
27/02/2011,...,...
26/02/2011,...,...
25/02/2011,...,...
24/02/2011,...,...
23/02/2011,...,...
22/02/2011,...,...
21/02/2011,...,...
20/02/2011,...,...
19/02/2011,...,...
18/02/2011,...,...
17/02/2011,...,...
16/02/2011,...,...
15/02/2011,...,...
14/02/2011,...,...
13/02/2011,...,...
12/2/2011,...,...
11/2/2011,...,...
10/2/2011,...,...
9/2/2011,...,...
8/2/2011,...,...
7/2/2011,...,...
6/2/2011,...,...
5/2/2011,...,...
4/2/2011,...,...
3/2/2011,...,...
2/2/2011,...,...
1/2/2011,...,...
31/01/2011,...,...
30/01/2011,...,...
29/01/2011,...,...
28/01/2011,...,...
27/01/2011,...,...
26/01/2011,...,...
25/01/2011,...,...
24/01/2011,...,...
23/01/2011,...,...
22/01/2011,...,...
21/01/2011,...,...
20/01/2011,...,...
19/01/2011,...,...
18/01/2011,...,...
17/01/2011,...,...
16/01/2011,...,...
15/01/2011,...,...
14/01/2011,...,...
13/01/2011,...,...
12/1/2011,...,...
11/1/2011,...,...
10/1/2011,...,...
9/1/2011,...,...
8/1/2011,...,...
7/1/2011,...,...
6/1/2011,...,...
5/1/2011,...,...
4/1/2011,...,...
3/1/2011,...,...
2/1/2011,...,...
1/1/2011,...,...
31/12/2010,...,...
30/12/2010,...,...
29/12/2010,...,...
28/12/2010,...,...
27/12/2010,...,...
26/12/2010,...,...
25/12/2010,...,...
24/12/2010,...,...
23/12/2010,...,...
22/12/2010,...,...
21/12/2010,...,...
20/12/2010,...,...
19/12/2010,...,...
18/12/2010,...,...
17/12/2010,...,...
16/12/2010,...,...
15/12/2010,...,...
14/12/2010,...,...
13/12/2010,...,...
12/12/2010,...,...
11/12/2010,...,...
10/12/2010,...,...
9/12/2010,...,...
8/12/2010,...,...
7/12/2010,...,...
6/12/2010,...,...
5/12/2010,...,...
4/12/2010,...,...
3/12/2010,...,...
2/12/2010,...,...
1/12/2010,...,...
30/11/2010,...,...
29/11/2010,...,...
28/11/2010,...,...
27/11/2010,...,...
26/11/2010,...,...
25/11/2010,...,...
24/11/2010,...,...
23/11/2010,...,...
22/11/2010,...,...
21/11/2010,...,...
20/11/2010,...,...
19/11/2010,...,...
18/11/2010,...,...
17/11/2010,...,...
16/11/2010,...,...
15/11/2010,...,...
14/11/2010,...,...
13/11/2010,...,...
12/11/2010,...,...
11/11/2010,...,...
10/11/2010,...,...
9/11/2010,...,...
8/11/2010,...,...
7/11/2010,...,...
6/11/2010,...,...
5/11/2010,...,...
4/11/2010,...,...
3/11/2010,...,...
2/11/2010,...,...
1/11/2010,...,...
31/10/2010,...,...
30/10/2010,...,...
29/10/2010,...,...
28/10/2010,...,...
27/10/2010,...,...
26/10/2010,...,...
25/10/2010,...,...
24/10/2010,...,...
23/10/2010,...,...
22/10/2010,...,...
21/10/2010,...,...
20/10/2010,...,...
19/10/2010,...,...
18/10/2010,...,...
17/10/2010,...,...
16/10/2010,...,...
15/10/2010,...,...
14/10/2010,...,...
13/10/2010,...,...
12/10/2010,...,...
11/10/2010,...,...
10/10/2010,...,...
9/10/2010,...,...
8/10/2010,...,...
7/10/2010,...,...
6/10/2010,...,...
5/10/2010,...,...
4/10/2010,...,...
3/10/2010,...,...
2/10/2010,...,...
1/10/2010,...,...
30/09/2010,...,...
29/09/2010,...,...
28/09/2010,...,...
27/09/2010,...,...
26/09/2010,...,...
25/09/2010,...,...
24/09/2010,...,...
23/09/2010,...,...
22/09/2010,...,...
21/09/2010,...,...
20/09/2010,...,...
19/09/2010,...,...
18/09/2010,...,...
17/09/2010,...,...
16/09/2010,...,...
15/09/2010,...,...
14/09/2010,...,...
13/09/2010,...,...
12/9/2010,...,...
11/9/2010,...,...
10/9/2010,...,...
9/9/2010,...,...
8/9/2010,...,...
7/9/2010,...,...
6/9/2010,...,...
5/9/2010,...,...
4/9/2010,...,...
3/9/2010,...,...
2/9/2010,...,...
1/9/2010,...,...
31/08/2010,...,...
30/08/2010,...,...
29/08/2010,...,...
28/08/2010,...,...
27/08/2010,...,...
26/08/2010,...,...
25/08/2010,...,...
24/08/2010,...,...
23/08/2010,...,...
22/08/2010,...,...
21/08/2010,...,...
20/08/2010,...,...
19/08/2010,...,...
18/08/2010,...,...
17/08/2010,...,...
16/08/2010,...,...
15/08/2010,...,...
14/08/2010,...,...
13/08/2010,...,...
12/8/2010,...,...
11/8/2010,...,...
10/8/2010,...,...
9/8/2010,...,...
8/8/2010,...,...
7/8/2010,...,...
6/8/2010,...,...
5/8/2010,...,...
4/8/2010,...,...
3/8/2010,...,...
2/8/2010,...,...
1/8/2010,...,...
31/07/2010,...,...
30/07/2010,...,...
29/07/2010,...,...
28/07/2010,...,...
27/07/2010,...,...
26/07/2010,...,...
25/07/2010,...,...
24/07/2010,...,...
23/07/2010,...,...
22/07/2010,...,...
21/07/2010,...,...
20/07/2010,...,...
19/07/2010,...,...
18/07/2010,...,...
17/07/2010,...,...
16/07/2010,...,...
15/07/2010,...,...
14/07/2010,...,...
13/07/2010,...,...
12/7/2010,...,...
11/7/2010,...,...
10/7/2010,...,...
9/7/2010,...,...
8/7/2010,...,...
7/7/2010,...,...
6/7/2010,...,...
5/7/2010,...,...
4/7/2010,...,...
3/7/2010,...,...
2/7/2010,...,...
1/7/2010,...,...
30/06/2010,...,...
29/06/2010,...,...
28/06/2010,...,...
27/06/2010,...,...
26/06/2010,...,...
25/06/2010,...,...
24/06/2010,...,...
23/06/2010,...,...
22/06/2010,...,...
21/06/2010,...,...
20/06/2010,...,...
19/06/2010,...,...
18/06/2010,...,...
17/06/2010,...,...
16/06/2010,...,...
15/06/2010,...,...
14/06/2010,...,...
13/06/2010,...,...
12/6/2010,...,...
11/6/2010,...,...
10/6/2010,...,...
9/6/2010,...,...
8/6/2010,...,...
7/6/2010,...,...
6/6/2010,...,...
5/6/2010,...,...
4/6/2010,...,...
3/6/2010,...,...
2/6/2010,...,...
1/6/2010,...,...
31/05/2010,...,...
30/05/2010,...,...
29/05/2010,...,...
28/05/2010,...,...
27/05/2010,...,...
26/05/2010,...,...
25/05/2010,...,...
24/05/2010,...,...
23/05/2010,...,...
22/05/2010,...,...
21/05/2010,...,...
20/05/2010,...,...
19/05/2010,...,...
18/05/2010,...,...
17/05/2010,...,...
16/05/2010,...,...
15/05/2010,...,...
14/05/2010,...,...
13/05/2010,...,...
12/5/2010,...,...
11/5/2010,...,...
10/5/2010,...,...
9/5/2010,...,...
8/5/2010,...,...
7/5/2010,...,...
6/5/2010,...,...
5/5/2010,...,...
4/5/2010,...,...
3/5/2010,...,...
2/5/2010,...,...
1/5/2010,...,...
30/04/2010,...,...
29/04/2010,...,...
28/04/2010,...,...
27/04/2010,...,...
26/04/2010,...,...
25/04/2010,...,...
24/04/2010,...,...
23/04/2010,...,...
22/04/2010,...,...
21/04/2010,...,...
20/04/2010,...,...
19/04/2010,...,...
18/04/2010,...,...
17/04/2010,...,...
16/04/2010,...,...
15/04/2010,...,...
14/04/2010,...,...
13/04/2010,...,...
12/4/2010,...,...
11/4/2010,...,...
10/4/2010,...,...
9/4/2010,...,...
8/4/2010,...,...
7/4/2010,...,...
6/4/2010,...,...
5/4/2010,...,...
4/4/2010,...,...
3/4/2010,...,...
2/4/2010,...,...
1/4/2010,...,...
31/03/2010,...,...
30/03/2010,...,...
29/03/2010,...,...
28/03/2010,...,...
27/03/2010,...,...
26/03/2010,...,...
25/03/2010,...,...
24/03/2010,...,...
23/03/2010,...,...
22/03/2010,...,...
21/03/2010,...,...
20/03/2010,...,...
19/03/2010,...,...
18/03/2010,...,...
17/03/2010,...,...
16/03/2010,...,...
15/03/2010,...,...
14/03/2010,...,...
13/03/2010,...,...
12/3/2010,...,...
11/3/2010,...,...
10/3/2010,...,...
9/3/2010,...,...
8/3/2010,...,...
7/3/2010,...,...
6/3/2010,...,...
5/3/2010,...,...
4/3/2010,...,...
3/3/2010,...,...
2/3/2010,...,...
1/3/2010,...,...
28/02/2010,...,...
27/02/2010,...,...
26/02/2010,...,...
25/02/2010,...,...
24/02/2010,...,...
23/02/2010,...,...
22/02/2010,...,...
21/02/2010,...,...
20/02/2010,...,...
19/02/2010,...,...
18/02/2010,...,...
17/02/2010,...,...
16/02/2010,...,...
15/02/2010,...,...
14/02/2010,...,...
13/02/2010,...,...
12/2/2010,...,...
11/2/2010,...,...
10/2/2010,...,...
9/2/2010,...,...
8/2/2010,...,...
7/2/2010,...,...
6/2/2010,...,...
5/2/2010,...,...
4/2/2010,...,...
3/2/2010,...,...
2/2/2010,...,...
1/2/2010,...,...
31/01/2010,...,...
30/01/2010,...,...
29/01/2010,...,...
28/01/2010,...,...
27/01/2010,...,...
26/01/2010,...,...
25/01/2010,...,...
24/01/2010,...,...
23/01/2010,...,...
22/01/2010,...,...
21/01/2010,...,...
20/01/2010,...,...
19/01/2010,...,...
18/01/2010,...,...
17/01/2010,...,...
16/01/2010,...,...
15/01/2010,...,...
14/01/2010,...,...
13/01/2010,...,...
12/1/2010,...,...
11/1/2010,...,...
10/1/2010,...,...
9/1/2010,...,...
8/1/2010,...,...
7/1/2010,...,...
6/1/2010,...,...
5/1/2010,...,...
4/1/2010,...,...
3/1/2010,...,...
2/1/2010,...,...
1/1/2010,...,...
,,
Fuente: Mercados Mayoristas de Lima Metropolitana,,
,,
Elaboracin: MIDAGRI-DGESEP-DEIA-rea de Comercio,,